Company1_price,Company2_price,Company3_price,Company4_price
15.0,0.0997630655765533,0.0,22.549999237060547
19.0,0.1197156757116317,5.5,23.18000030517578
31.5,0.1197156757116317,5.5625,22.399999618530277
65.0,0.0997630655765533,5.5625,22.15999984741211
80.0,0.0997630655765533,5.5625,22.280000686645508
84.0,0.0997630655765533,5.5625,22.350000381469727
80.5,0.1296919882297516,5.5,23.040000915527344
81.0,0.1296919882297516,5.5,22.440000534057617
80.0,0.1296919882297516,5.5,22.34000015258789
75.0,0.1296919882297516,5.5625,22.09000015258789
58.5,0.1396682858467102,5.625,22.11000061035156
72.0,0.1396682858467102,6.0,22.200000762939453
83.5,0.14964459836483,6.125,22.21999931335449
75.5,0.14964459836483,6.1875,22.07999992370605
81.5,0.1396682858467102,6.0625,22.100000381469727
86.0,0.1695972084999084,5.875,22.440000534057617
79.0,0.1695972084999084,6.0,23.75
80.75,0.1596208959817886,6.375,23.420000076293945
86.80000305175781,0.1596208959817886,6.9375,23.479999542236328
100.0,0.1596208959817886,6.75,23.149999618530277
111.0,0.1596208959817886,6.875,23.790000915527344
117.0500030517578,0.14964459836483,6.5625,23.549999237060547
107.0,0.14964459836483,6.375,23.200000762939453
105.0,0.14964459836483,6.4375,23.399999618530277
103.0,0.1396682858467102,6.375,23.75
117.0,0.1695972084999084,6.375,23.790000915527344
122.0,0.1695972084999084,6.25,23.690000534057617
120.0,0.179573506116867,6.25,23.780000686645508
115.5,0.179573506116867,5.875,22.6299991607666
115.0199966430664,0.1695972084999084,5.4375,23.149999618530277
118.0500030517578,0.1695972084999084,5.4375,22.3799991607666
124.0,0.1695972084999084,5.5625,22.299999237060547
124.75,0.1695972084999084,5.875,22.32999992370605
125.5,0.1695972084999084,5.875,23.5
125.0,0.1695972084999084,5.8125,23.440000534057617
126.0,0.1695972084999084,5.5625,24.149999618530277
128.0,0.1695972084999084,5.5,24.100000381469727
126.5,0.1596208959817886,5.5,24.170000076293945
125.3499984741211,0.1596208959817886,5.5,24.200000762939453
129.10000610351562,0.14964459836483,5.625,24.0
134.0,0.1695972084999084,5.625,24.25
125.0,0.1695972084999084,5.625,24.770000457763672
126.51000213623048,0.179573506116867,5.6875,24.790000915527344
126.0,0.179573506116867,5.625,25.989999771118164
124.0,0.179573506116867,5.375,24.979999542236328
119.01000213623048,0.1895498186349868,5.375,24.8799991607666
114.0,0.179573506116867,5.9375,23.809999465942383
111.5,0.1995261311531067,6.0,24.020000457763672
120.0,0.1895498186349868,5.9375,24.093000411987305
118.75,0.179573506116867,5.875,23.280000686645508
123.0,0.179573506116867,5.75,23.709999084472656
118.5,0.179573506116867,5.6875,23.01000022888184
125.0,0.1895498186349868,5.625,23.770000457763672
126.0,0.179573506116867,5.5,23.75
132.0,0.1995261311531067,5.375,23.59000015258789
132.0,0.1995261311531067,5.0625,23.81999969482422
131.5,0.2194787412881851,4.8125,23.209999084472656
130.0,0.179573506116867,4.3125,23.5
129.0,0.1695972084999084,3.25,23.71500015258789
129.14999389648438,0.2095024287700653,3.5625,23.125
129.75999450683594,0.1695972084999084,4.0,22.65999984741211
132.0,0.1995261311531067,3.4375,23.31999969482422
142.0,0.2394313514232635,3.5625,22.51000022888184
140.0,0.1995261311531067,3.375,22.5
142.5,0.2394313514232635,3.4375,22.299999237060547
145.0,0.2394313514232635,3.3125,22.190000534057617
142.5,0.2194787412881851,3.3125,21.290000915527344
138.0,0.2194787412881851,3.8125,20.899999618530277
135.0,0.2593839764595032,3.875,20.36000061035156
135.0,0.2593839764595032,3.8125,20.88999938964844
135.5,0.2494076639413833,3.8125,19.3700008392334
135.0,0.2494076639413833,3.8125,19.011999130249023
133.75,0.2394313514232635,3.75,18.290000915527344
129.5,0.2194787412881851,3.375,17.719999313354492
130.0,0.2394313514232635,3.375,16.110000610351562
129.0,0.2394313514232635,3.5625,16.940000534057617
127.25,0.2194787412881851,3.625,17.290000915527344
128.75,0.2194787412881851,3.625,18.0
129.0,0.2394313514232635,3.5625,18.82999992370605
135.0,0.2494076639413833,3.5625,19.57999992370605
132.0,0.3591470122337341,3.6875,20.07999992370605
133.0,0.3192417919635772,3.625,18.82999992370605
133.25,0.3391944169998169,3.5,19.183000564575195
130.0,0.3391944169998169,3.5,19.0
131.5,0.3391944169998169,3.5,18.850000381469727
132.5,0.289312869310379,3.5,18.700000762939453
133.0,0.3292181193828583,3.3125,16.510000228881836
132.60000610351562,0.3192417919635772,3.125,16.479999542236328
139.0,0.3292181193828583,3.0625,17.799999237060547
145.0,0.3192417919635772,3.0,18.26000022888184
156.10000610351562,0.2793365716934204,3.0,18.049999237060547
204.0,0.3292181193828583,2.8125,16.84000015258789
218.0,0.3292181193828583,2.6875,17.5
191.0,0.3391944169998169,2.5625,17.350000381469727
192.5,0.3292181193828583,2.6875,17.31999969482422
189.0,0.3092654943466186,2.75,17.520000457763672
195.0,0.3092654943466186,2.6875,17.5
205.0,0.3192417919635772,2.6875,17.520000457763672
220.0,0.3790996372699737,2.75,17.760000228881836
229.0,0.3691233396530151,2.6875,17.780000686645508
230.25,0.3491707146167755,2.625,17.59000015258789
274.0,0.3691233396530151,2.625,17.790000915527344
260.0,0.3591470122337341,2.375,17.68000030517578
278.0,0.3192417919635772,2.6875,17.920000076293945
282.0,0.3192417919635772,2.6875,17.93000030517578
294.0,0.3192417919635772,2.625,18.459999084472656
300.0,0.3292181193828583,2.625,18.190000534057617
300.010009765625,0.3990522623062134,2.5625,18.100000381469727
317.0,0.409028559923172,2.625,18.1299991607666
329.989990234375,0.4190048575401306,3.375,18.190000534057617
313.0,0.4190048575401306,3.9375,17.850000381469727
295.0,0.4190048575401306,4.0625,18.06999969482422
285.0400085449219,0.4190048575401306,4.75,18.5
284.0,0.4389574825763702,4.6875,19.020000457763672
290.0,0.4489337801933288,4.375,19.25
275.0,0.4289811551570892,4.25,18.209999084472656
274.75,0.4289811551570892,4.0,18.350000381469727
255.0,0.4389574825763702,4.125,17.93000030517578
231.1999969482422,0.4389574825763702,4.3125,18.5
242.0,0.4688864052295685,4.3125,18.51000022888184
238.0,0.409028559923172,4.3125,18.31999969482422
238.0,0.4289811551570892,4.3125,19.200000762939453
240.0,0.4289811551570892,4.0,18.899999618530277
240.0,0.4389574825763702,4.0,18.43000030517578
240.0,0.3990522623062134,4.0625,19.149999618530277
240.0,0.3990522623062134,4.1875,19.229999542236328
250.0,0.3990522623062134,4.1875,19.049999237060547
280.0,0.3890759348869324,4.0625,18.690000534057617
279.8999938964844,0.3790996372699737,4.0625,19.0
267.5,0.3391944169998169,4.1875,19.65999984741211
261.0,0.3391944169998169,4.3125,19.920000076293945
259.0,0.3591470122337341,4.375,20.059999465942383
250.0,0.3890759348869324,4.3125,20.21999931335449
260.0,0.3990522623062134,4.25,20.01000022888184
265.0,0.3990522623062134,4.25,19.989999771118164
260.04998779296875,0.4190048575401306,4.25,20.25
275.0,0.3990522623062134,4.1875,20.21999931335449
275.1000061035156,0.3990522623062134,4.0,20.5
270.0,0.3790996372699737,4.0625,21.38999938964844
270.0,0.3691233396530151,4.1875,21.190000534057617
265.0,0.3990522623062134,4.1875,21.100000381469727
268.0,0.4289811551570892,4.1875,21.299999237060547
272.0,0.4389574825763702,4.125,21.440000534057617
281.0,0.4190048575401306,4.0625,21.51000022888184
275.0,0.4389574825763702,4.0625,21.899999618530277
275.25,0.4289811551570892,4.0625,22.209999084472656
266.29998779296875,0.4489337801933288,4.0,22.030000686645508
272.0,0.4389574825763702,4.0,22.700000762939453
273.5,0.4389574825763702,4.0,22.270000457763672
285.0,0.3790996372699737,4.0,21.3700008392334
298.0,0.3391944169998169,4.0625,21.61000061035156
299.5,0.4190048575401306,4.0625,21.209999084472656
320.5,0.4289811551570892,4.0,21.21999931335449
334.0,0.4589100778102875,4.0625,21.270000457763672
320.0,0.4489337801933288,4.1875,22.0
320.0,0.4489337801933288,4.1875,23.190000534057617
326.0,0.4688864052295685,4.25,23.450000762939453
335.0,0.4688864052295685,4.25,23.209999084472656
345.0,0.4589100778102875,4.3125,23.3799991607666
352.0,0.4389574825763702,4.5,23.200000762939453
370.0,0.4389574825763702,4.5625,23.799999237060547
364.6700134277344,0.4389574825763702,5.375,24.13999938964844
365.0,0.4389574825763702,5.5,24.0
349.0,0.4190048575401306,5.4375,24.45499992370605
349.6000061035156,0.4489337801933288,5.0625,24.739999771118164
349.6000061035156,0.4589100778102875,5.0625,24.56999969482422
340.0,0.4688864052295685,5.0625,24.959999084472656
350.0,0.4589100778102875,5.0625,24.96999931335449
343.0,0.4788627028465271,5.0625,24.8799991607666
330.0,0.5187679529190063,5.125,24.309999465942383
281.1499938964844,0.4788627028465271,5.125,24.450000762939453
324.0,0.5187679529190063,5.1875,23.729999542236328
301.5,0.5387205481529236,5.375,22.56999969482422
300.0,0.5985783934593201,5.5,23.709999084472656
310.0,0.5985783934593201,5.5,24.799999237060547
310.0,0.6384835839271545,5.4375,24.700000762939453
310.0,0.6384835839271545,5.375,24.959999084472656
310.0,0.5886020660400391,5.375,24.8700008392334
310.0,0.5886020660400391,5.375,24.31999969482422
315.0,0.6185309886932373,5.3125,25.0
320.5,0.6185309886932373,5.1875,24.200000762939453
325.0,0.5985783934593201,5.125,22.5
320.25,0.6185309886932373,5.1875,23.76000022888184
320.25,0.5586731433868408,5.125,24.459999084472656
350.0,0.5187679529190063,5.1875,24.32999992370605
375.0,0.5786257386207581,5.1875,23.280000686645508
370.0,0.5387205481529236,5.3125,23.290000915527344
352.0,0.5786257386207581,5.25,23.899999618530277
352.20001220703125,0.5786257386207581,5.25,24.850000381469727
350.0,0.5786257386207581,5.1875,25.09000015258789
350.0,0.5586731433868408,5.1875,25.0
360.0,0.5786257386207581,5.25,25.270000457763672
356.0,0.5786257386207581,5.125,25.350000381469727
360.0,0.5985783934593201,5.125,25.31999969482422
370.0,0.5985783934593201,5.0625,25.01000022888184
380.9800109863281,0.6185309886932373,4.9375,25.31999969482422
443.7999877929688,0.6085546612739563,4.375,25.38999938964844
480.0,0.6235191226005554,4.5,24.700000762939453
500.0,0.6484599113464355,4.75,24.84000015258789
533.0,0.6085546612739563,4.6875,25.25
527.02001953125,0.5985783934593201,4.4375,24.34000015258789
550.0,0.6185309886932373,4.5625,25.25
600.3499755859375,0.6285073161125183,4.5625,25.299999237060547
619.8800048828125,0.5985783934593201,4.5,25.3700008392334
672.8300170898438,0.5886020660400391,4.4375,25.38999938964844
703.969970703125,0.6085546612739563,4.4375,24.8700008392334
622.1799926757812,0.5786257386207581,4.5625,24.530000686645508
575.0,0.5786257386207581,4.6875,24.209999084472656
615.0,0.5886020660400391,4.6875,25.0
578.0,0.6085546612739563,4.625,25.381999969482425
560.010009765625,0.5886020660400391,4.5625,25.399999618530277
588.3099975585938,0.5886020660400391,4.4375,25.065000534057617
533.989990234375,0.5886020660400391,4.4375,24.850000381469727
518.989990234375,0.5886020660400391,4.375,25.200000762939453
511.0,0.5886020660400391,4.375,25.209999084472656
550.0,0.5786257386207581,4.375,25.5
600.0,0.5786257386207581,4.375,25.920000076293945
615.0,0.5387205481529236,4.4375,25.90999984741211
650.010009765625,0.5387205481529236,4.375,26.11000061035156
625.0599975585938,0.5586731433868408,4.1875,25.920000076293945
612.0,0.5486968159675598,4.1875,26.040000915527344
612.7899780273438,0.5686494708061218,4.1875,26.0
624.9000244140625,0.5686494708061218,4.0625,25.96999931335449
640.0,0.5486968159675598,4.0625,25.96999931335449
638.0,0.5586731433868408,4.1875,26.0
636.8099975585938,0.4888390004634857,4.1875,26.0
640.0,0.4788627028465271,4.25,26.0
640.010009765625,0.4788627028465271,4.25,26.36000061035156
623.3599853515625,0.4788627028465271,4.25,26.309999465942383
600.0,0.4888390004634857,4.25,26.25
617.1099853515625,0.4888390004634857,4.25,27.32999992370605
585.0,0.4888390004634857,4.25,27.489999771118164
570.8200073242188,0.4838508665561676,4.3125,27.450000762939453
599.0,0.4788627028465271,4.3125,27.350000381469727
620.0,0.5087916254997253,4.3125,27.65999984741211
625.0,0.5287442207336426,4.3125,27.739999771118164
625.0,0.5486968159675598,4.4375,27.850000381469727
696.25,0.5686494708061218,4.6875,28.0
718.97998046875,0.5786257386207581,4.8125,27.920000076293945
720.0,0.5586731433868408,5.0,28.350000381469727
720.0,0.5586731433868408,4.9375,28.020000457763672
720.0,0.5586731433868408,4.9375,26.420000076293945
735.0,0.5287442207336426,4.875,26.149999618530277
749.989990234375,0.5686494708061218,4.75,26.11000061035156
790.0,0.5486968159675598,4.6875,26.170000076293945
871.25,0.5187679529190063,4.6875,26.600000381469727
897.0,0.5486968159675598,4.6875,26.770000457763672
900.0,0.5486968159675598,4.8125,26.200000762939453
899.989990234375,0.5486968159675598,4.875,27.420000076293945
970.0,0.5486968159675598,4.875,26.4950008392334
966.0800170898438,0.5387205481529236,4.875,26.950000762939453
1000.0,0.5287442207336426,4.875,27.5
1028.9300537109375,0.5187679529190063,4.8125,27.36000061035156
1079.949951171875,0.5187679529190063,4.75,27.5
1034.8900146484375,0.5287442207336426,4.75,27.75
982.0499877929688,0.5586731433868408,4.8125,27.700000762939453
998.0,0.6185309886932373,4.8125,27.549999237060547
900.0,0.6085546612739563,4.8125,27.440000534057617
854.010009765625,0.5985783934593201,4.8125,27.100000381469727
865.6199951171875,0.6085546612739563,4.6875,28.0
901.0,0.5786257386207581,4.6875,27.75
900.0,0.6085546612739563,4.75,27.549999237060547
903.0,0.6285073161125183,4.6875,26.950000762939453
914.0,0.6285073161125183,4.5,27.700000762939453
918.3599853515624,0.6285073161125183,4.25,28.0
902.010009765625,0.5886020660400391,4.25,27.5
925.0,0.5985783934593201,4.25,26.75
908.0,0.5886020660400391,4.3125,26.299999237060547
912.0,0.6484599113464355,4.375,26.200000762939453
929.47998046875,0.708317756652832,4.5,26.774999618530277
985.0,0.698341429233551,4.5,25.950000762939453
1025.1099853515625,0.698341429233551,4.5,25.649999618530277
1066.9200439453125,0.698341429233551,4.5625,26.049999237060547
1160.0,0.7382466793060303,4.5625,26.549999237060547
1195.0,0.708317756652832,4.5625,26.850000381469727
1150.0,0.7182940244674683,4.5625,26.899999618530277
1190.8499755859375,0.7382466793060303,4.5,27.5
1177.0,0.7482229471206665,4.5,28.200000762939453
1102.1300048828125,0.7282703518867493,4.5,31.149999618530277
1057.8299560546875,0.7681756019592285,4.625,30.649999618530277
930.1799926757812,0.818057119846344,4.75,30.850000381469727
1011.5499877929688,0.828033447265625,4.75,31.450000762939453
1013.97998046875,0.8479860424995422,4.625,30.950000762939453
1005.9500122070312,0.8479860424995422,4.625,30.899999618530277
980.0,0.808080792427063,4.625,30.75
979.0,0.808080792427063,4.625,30.899999618530277
938.0399780273438,0.808080792427063,4.5,31.049999237060547
945.0,0.7981045246124268,4.5625,30.799999237060547
950.989990234375,0.7681756019592285,4.625,30.899999618530277
880.030029296875,0.7482229471206665,4.5625,31.0
959.8400268554688,0.7581992745399475,4.5,30.950000762939453
994.97998046875,0.7981045246124268,4.5,30.649999618530277
1000.0,0.7781518697738647,4.5,30.850000381469727
985.0,0.7981045246124268,4.5,30.700000762939453
981.260009765625,0.7981045246124268,4.625,30.700000762939453
1000.0,0.7981045246124268,4.5625,30.850000381469727
1009.97998046875,0.828033447265625,4.5625,31.950000762939453
930.6500244140624,0.808080792427063,4.5625,34.04999923706055
900.0,0.818057119846344,4.5625,33.29999923706055
884.8499755859375,0.7781518697738647,4.5625,33.75
891.8900146484375,0.818057119846344,4.5625,34.25
885.0800170898438,0.8878912329673767,4.5,33.70000076293945
772.0,0.937772810459137,4.5,35.20000076293945
773.0,0.9577254056930542,4.5,35.5
761.0,1.0076069831848145,4.5,36.5
743.260009765625,0.9477490782737732,4.5,36.0
784.780029296875,0.9677017331123352,4.5,36.25
752.4000244140625,0.9976306557655334,4.4375,36.0
800.0,1.047512173652649,4.4375,35.900001525878906
828.0,1.1372989416122437,4.4375,36.0
806.0999755859375,1.0874173641204834,4.4375,36.400001525878906
798.0,1.0574884414672852,4.4375,36.150001525878906
850.0,1.0774410963058472,4.5,35.650001525878906
869.989990234375,1.1173462867736816,4.5625,35.900001525878906
954.72998046875,1.127322554588318,4.5625,35.0
1073.97998046875,1.1173462867736816,4.5625,34.849998474121094
990.2100219726562,1.0874173641204834,4.5,34.95000076293945
1060.0,1.1073700189590454,4.5625,34.79999923706055
1045.0,1.1173462867736816,4.5625,34.849998474121094
1057.1099853515625,1.1173462867736816,4.5625,34.45000076293945
1060.0,1.0973936319351196,4.5625,34.0
1085.0,1.127322554588318,4.625,33.650001525878906
1082.010009765625,1.1173462867736816,4.5625,33.45000076293945
1077.0,1.0973936319351196,4.5625,33.150001525878906
1070.0,1.0874173641204834,4.4375,33.75
1085.0,1.0774410963058472,4.5,33.70000076293945
1090.06005859375,0.9577254056930542,4.375,34.25
1172.0799560546875,0.917820155620575,4.3125,33.70000076293945
1096.9100341796875,1.017583250999451,4.375,33.599998474121094
1089.0,1.027559518814087,4.3125,33.400001525878906
1056.4000244140625,1.0774410963058472,4.3125,33.599998474121094
1050.0,1.0874173641204834,4.25,32.75
1035.0,1.0874173641204834,4.1875,32.0
1004.1500244140624,1.0973936319351196,4.0625,31.75
979.8800048828124,1.167227864265442,4.0,32.04999923706055
953.0,1.0874173641204834,4.0,33.40999984741211
950.0,1.0774410963058472,4.0,33.150001525878906
940.0,1.1372989416122437,4.0625,32.79999923706055
975.469970703125,1.1173462867736816,4.0625,33.25
960.010009765625,1.0973936319351196,4.1875,33.599998474121094
984.0,1.2071330547332764,4.125,33.75
995.0800170898438,1.19715678691864,4.125,33.900001525878906
990.989990234375,1.177204132080078,4.0625,34.900001525878906
977.5399780273438,1.2171093225479126,4.125,35.5
936.9500122070312,1.2669909000396729,4.0,36.34999847412109
950.0,1.316872477531433,4.0,36.0
993.2000122070312,1.3368250131607056,4.3125,36.67399978637695
992.010009765625,1.3567776679992676,4.375,36.75
983.989990234375,1.396682858467102,4.4375,36.650001525878906
962.0,1.3567776679992676,4.5625,36.70000076293945
875.0,1.2869435548782349,4.5,37.5
851.989990234375,1.2669909000396729,4.6875,38.650001525878906
790.0,1.316872477531433,4.8125,37.95000076293945
738.47998046875,1.276967167854309,4.875,37.20000076293945
826.1799926757812,1.2270857095718384,4.875,37.45000076293945
819.989990234375,1.2171093225479126,4.9375,37.09999847412109
820.1699829101562,1.1871803998947144,4.8125,36.84999847412109
795.7999877929688,1.0973936319351196,4.625,36.650001525878906
826.25,1.0774410963058472,4.5625,36.54999923706055
870.0,1.19715678691864,4.5,36.45000076293945
881.0,1.296919822692871,4.5,36.75
914.8900146484376,1.2570146322250366,4.5,36.900001525878906
919.5599975585938,1.2570146322250366,5.0625,36.59999847412109
966.6400146484376,1.2669909000396729,5.25,37.29999923706055
997.9400024414062,1.296919822692871,5.75,37.5
957.75,1.3268487453460691,5.75,35.599998474121094
965.3699951171876,1.2869435548782349,5.75,34.599998474121094
976.02001953125,1.296919822692871,5.375,35.29999923706055
985.0,1.296919822692871,5.5,34.400001525878906
990.0,1.3567776679992676,5.625,34.95000076293945
1060.0,1.4365880489349363,5.75,36.150001525878906
1063.969970703125,1.4565407037734983,5.75,35.70000076293945
1097.0,1.4066591262817385,5.625,36.59999847412109
1090.010009765625,1.3268487453460691,5.625,37.20000076293945
1073.5,1.3468014001846311,5.5,37.29999923706055
1089.1800537109375,1.3567776679992676,5.5,38.22499847412109
1080.0899658203125,1.3268487453460691,5.625,37.900001525878906
1099.97998046875,1.296919822692871,5.5,37.900001525878906
1096.0,1.2669909000396729,5.375,37.75
1093.0,1.2869435548782349,5.375,37.54999923706055
1094.93994140625,1.2171093225479126,5.3125,38.25
1097.5,1.1372989416122437,5.375,36.95000076293945
1016.0999755859376,1.1173462867736816,5.5,36.150001525878906
806.0,1.1871803998947144,5.5,36.70000076293945
738.0,1.2071330547332764,5.5625,37.150001525878906
809.989990234375,1.167227864265442,5.5625,36.95000076293945
845.0,1.1372989416122437,5.5625,37.45000076293945
791.0,1.127322554588318,5.5,37.54999923706055
735.0,1.14727520942688,5.5625,37.95000076293945
650.02001953125,1.1871803998947144,5.625,38.70000076293945
665.219970703125,1.2270857095718384,5.5625,39.150001525878906
695.969970703125,1.2270857095718384,5.5,39.59999847412109
640.0,1.2669909000396729,5.5,39.400001525878906
641.0999755859375,1.3368250131607056,5.5,39.45000076293945
620.0,1.3368250131607056,5.5,38.79999923706055
659.989990234375,1.276967167854309,5.5,39.25
722.97998046875,1.316872477531433,5.4375,39.34999847412109
749.989990234375,1.3268487453460691,5.5,39.150001525878906
743.989990234375,1.3268487453460691,5.5625,39.29999923706055
726.97998046875,1.276967167854309,5.8125,39.04999923706055
703.4400024414062,1.2470382452011108,5.8125,39.0
746.1699829101562,1.14727520942688,5.625,38.5
784.0,1.127322554588318,5.75,39.20000076293945
700.0,1.2071330547332764,5.75,38.900001525878906
686.0599975585938,1.2470382452011108,5.4375,38.5
695.0,1.2470382452011108,5.375,38.0
707.8599853515625,1.2370619773864746,5.5,38.0
690.0,1.2270857095718384,5.4375,38.29999923706055
700.0,1.2370619773864746,5.375,37.75
676.0,1.167227864265442,5.375,38.0
610.0,1.14727520942688,5.375,38.45000076293945
560.0,1.157251477241516,5.375,38.04999923706055
527.0,1.167227864265442,5.375,38.20000076293945
565.6500244140625,1.167227864265442,5.375,38.25
604.5,1.14727520942688,5.375,38.70000076293945
603.3599853515625,1.177204132080078,5.375,38.650001525878906
593.0,1.2071330547332764,5.375,38.34999847412109
563.47998046875,1.1871803998947144,5.5,38.20000076293945
550.030029296875,1.14727520942688,5.5,38.900001525878906
550.0,1.1372989416122437,5.5,38.25
554.4099731445312,1.1372989416122437,5.4375,39.400001525878906
552.239990234375,1.1173462867736816,5.375,39.70000076293945
575.3200073242188,1.1073700189590454,5.375,39.900001525878906
563.489990234375,1.157251477241516,5.375,39.59999847412109
580.5,1.1073700189590454,5.5,39.29999923706055
598.1500244140625,1.0574884414672852,5.5,39.20000076293945
640.0,1.067464828491211,5.4375,39.5
675.0,1.017583250999451,5.375,39.400001525878906
709.989990234375,1.047512173652649,5.3125,39.150001525878906
709.3900146484375,1.047512173652649,5.3125,37.75
722.8400268554688,1.047512173652649,5.3125,37.79999923706055
741.1199951171875,1.127322554588318,5.375,37.29999923706055
767.0,1.0774410963058472,5.25,37.79999923706055
750.0,1.067464828491211,5.25,37.5
720.0,1.047512173652649,5.25,38.54999923706055
725.0,1.047512173652649,5.25,38.79999923706055
710.969970703125,1.017583250999451,5.25,38.25
701.0,0.9876543283462524,5.125,39.09999847412109
700.0,1.0874173641204834,5.3125,39.29999923706055
702.219970703125,1.0973936319351196,5.375,38.70000076293945
690.0,1.0874173641204834,5.3125,38.54999923706055
682.010009765625,1.067464828491211,5.375,38.79999923706055
675.0,1.0874173641204834,5.3125,38.84999847412109
694.75,1.1073700189590454,5.25,39.09999847412109
702.280029296875,1.0874173641204834,5.1875,39.09999847412109
702.0,1.0874173641204834,5.3125,39.0
719.0499877929688,1.0774410963058472,5.3125,38.84999847412109
724.8800048828125,1.0774410963058472,5.5,39.54999923706055
720.0,1.1073700189590454,5.625,39.59999847412109
698.02001953125,1.0774410963058472,6.25,39.79999923706055
700.0,1.047512173652649,6.5625,39.0
706.469970703125,1.017583250999451,6.5625,38.59999847412109
683.760009765625,1.017583250999451,6.5,38.59999847412109
676.0599975585938,1.0375359058380127,6.5,38.25
687.0,1.0375359058380127,6.5625,38.04999923706055
670.6199951171875,1.017583250999451,6.8125,37.900001525878906
677.1199951171875,1.0574884414672852,7.3125,37.54999923706055
675.0,1.157251477241516,7.6875,38.25
679.780029296875,1.14727520942688,8.0,37.59999847412109
628.0,1.1372989416122437,7.8125,37.09999847412109
662.72998046875,1.14727520942688,7.75,36.84999847412109
629.989990234375,1.1073700189590454,7.875,37.150001525878906
600.010009765625,1.1073700189590454,7.875,36.79999923706055
631.0,1.1173462867736816,7.6875,36.34999847412109
667.0900268554688,1.047512173652649,7.375,36.5
690.989990234375,1.0574884414672852,7.25,36.25
698.4500122070312,1.0574884414672852,7.1875,37.400001525878906
601.0999755859375,1.027559518814087,7.3125,37.34999847412109
575.0,1.0375359058380127,7.3125,35.849998474121094
550.0499877929688,1.0076069831848145,7.25,35.5
550.0,0.9876543283462524,7.125,35.5
566.5900268554688,0.9876543283462524,7.0625,35.5
574.0,1.0973936319351196,7.0625,35.29999923706055
537.6500244140625,1.1372989416122437,7.1875,35.400001525878906
572.5,1.14727520942688,7.1875,35.599998474121094
541.0999755859375,1.127322554588318,7.25,35.29999923706055
500.0,1.2171093225479126,7.1875,33.75
507.5,1.167227864265442,7.1875,33.25
500.0,1.1173462867736816,7.1875,34.400001525878906
512.0,1.1223344802856443,7.1875,34.775001525878906
523.4299926757812,1.1173462867736816,7.1875,34.0
535.3499755859375,1.167227864265442,6.9375,33.25
580.0499877929688,1.1372989416122437,6.6875,33.0
520.0499877929688,1.1372989416122437,6.6875,32.505001068115234
475.0,1.14727520942688,6.875,32.25
480.0,1.177204132080078,6.6875,34.04999923706055
491.0499877929688,1.0375359058380127,6.5625,32.900001525878906
493.0,1.047512173652649,6.625,34.0
469.7300109863281,1.047512173652649,6.625,34.20000076293945
493.0,1.0375359058380127,6.625,34.20000076293945
513.0499877929688,0.9976306557655334,6.5625,34.650001525878906
535.989990234375,1.0574884414672852,6.5625,35.099998474121094
543.0499877929688,1.047512173652649,6.75,36.04999923706055
537.8200073242188,1.017583250999451,7.0,35.79999923706055
502.510009765625,1.0574884414672852,7.0,35.75
484.989990234375,1.1173462867736816,6.875,36.09999847412109
503.010009765625,1.1073700189590454,6.6875,36.54999923706055
490.1000061035156,1.047512173652649,6.625,36.80500030517578
495.5400085449219,1.0375359058380127,6.625,37.0
485.0700073242188,0.9976306557655334,6.6875,36.95000076293945
445.0,1.0076069831848145,6.5625,37.400001525878906
444.8699951171875,1.0076069831848145,6.4375,37.45000076293945
452.2000122070313,1.047512173652649,6.4375,37.400001525878906
446.8500061035156,1.027559518814087,6.4375,37.84999847412109
451.0,0.9976306557655334,6.5,37.34999847412109
431.0,0.9976306557655334,6.4375,38.04999923706055
433.0,0.9477490782737732,6.4375,38.29999923706055
451.5899963378906,0.8978675603866577,6.3125,38.59999847412109
451.9299926757813,0.8579623103141785,6.375,38.54999923706055
435.0,0.9577254056930542,6.4375,38.650001525878906
340.5,1.0375359058380127,6.4375,38.400001525878906
331.010009765625,1.0076069831848145,6.5,38.45000076293945
334.010009765625,1.0574884414672852,7.25,38.45000076293945
335.0,1.0774410963058472,7.9375,39.25
366.0,1.027559518814087,7.75,38.75
340.0,0.9976306557655334,7.5625,38.400001525878906
308.0,1.0076069831848145,7.4375,38.70000076293945
330.0199890136719,1.0574884414672852,7.125,39.04999923706055
337.5,1.157251477241516,7.0,38.97499847412109
326.260009765625,1.1073700189590454,6.9375,38.75
330.0,1.1372989416122437,7.125,38.84999847412109
324.6499938964844,1.1173462867736816,7.25,39.70000076293945
304.0,1.1173462867736816,7.75,38.5
308.0,1.14727520942688,7.5,39.0
207.88999938964844,1.19715678691864,7.5,38.5
197.0,1.14727520942688,7.5,37.95000076293945
221.77999877929688,1.1173462867736816,7.4375,37.0
287.239990234375,1.1372989416122437,7.375,36.75
278.5,1.0874173641204834,7.375,36.79999923706055
264.92999267578125,1.067464828491211,7.375,38.20000076293945
236.00999450683597,1.0375359058380127,7.25,37.29999923706055
250.0,1.0375359058380127,7.25,37.84999847412109
230.0500030517578,1.027559518814087,7.1875,37.70000076293945
214.6000061035156,1.027559518814087,7.125,38.5
200.0,1.017583250999451,7.1875,38.70000076293945
150.0,0.9976306557655334,7.3125,39.5
160.0,0.9976306557655334,7.3125,38.5
171.5399932861328,0.9976306557655334,7.4375,38.20000076293945
165.6300048828125,1.0076069831848145,7.6875,38.34999847412109
184.9900054931641,1.067464828491211,7.6875,38.59999847412109
185.0,1.0973936319351196,7.4375,39.79999923706055
197.0,1.0874173641204834,7.5,40.5
180.0,1.0375359058380127,7.5,39.84999847412109
171.35000610351562,1.0375359058380127,7.5,40.04999923706055
179.89999389648438,1.0375359058380127,7.4375,39.84999847412109
180.0500030517578,1.067464828491211,7.375,38.900001525878906
179.0,1.067464828491211,7.1875,38.150001525878906
187.0,1.0973936319351196,7.1875,37.84999847412109
190.0399932861328,1.127322554588318,7.1875,37.29999923706055
202.5800018310547,1.047512173652649,7.125,37.59999847412109
205.1100006103516,1.067464828491211,7.1875,39.29999923706055
215.0,1.017583250999451,7.1875,38.400001525878906
209.3300018310547,1.027559518814087,7.1875,37.95000076293945
195.0399932861328,1.017583250999451,7.0625,39.70000076293945
191.9900054931641,0.9577254056930542,7.0625,40.0
184.5500030517578,0.9776780009269714,6.9375,40.04999923706055
194.1199951171875,0.9976306557655334,7.0625,39.95000076293945
200.1499938964844,0.9776780009269714,7.0,39.95000076293945
204.97999572753903,1.0076069831848145,6.9375,39.150001525878906
194.7400054931641,0.9776780009269714,7.0,38.5
195.0,1.009602189064026,7.0,38.54999923706055
204.5,0.9766803979873656,6.4375,38.400001525878906
204.32000732421875,1.0205761194229126,6.4375,37.79999923706055
208.22000122070312,1.009602189064026,6.5625,37.59999847412109
253.0,1.0644718408584597,6.5,37.84999847412109
231.8000030517578,1.042523980140686,6.5625,38.0
222.0,1.0644718408584597,6.6875,37.95000076293945
201.4499969482422,1.0534979104995728,6.5,38.20000076293945
210.8999938964844,1.0644718408584597,6.5,38.54999923706055
200.0500030517578,1.031550049781799,6.5625,38.900001525878906
200.0,1.0205761194229126,6.3125,38.79999923706055
196.0,0.9986282587051392,6.3125,39.59999847412109
198.97999572753903,1.0644718408584597,6.1875,38.75
195.0,1.031550049781799,6.125,39.29999923706055
191.72999572753903,1.031550049781799,6.0625,39.59999847412109
191.0,0.9986282587051392,5.9375,39.34999847412109
188.9499969482422,0.9876543283462524,6.0,39.09999847412109
194.97999572753903,1.042523980140686,5.8125,39.09999847412109
205.4199981689453,1.009602189064026,5.5,36.5
212.0,1.009602189064026,5.9375,39.650001525878906
237.0,0.9986282587051392,5.75,39.5
255.8500061035156,0.9766803979873656,5.75,40.400001525878906
245.57000732421875,0.9547325372695924,5.75,40.650001525878906
247.0,0.8998628258705139,5.6875,40.34999847412109
240.0200042724609,0.9218106865882874,6.0,39.84999847412109
226.00999450683597,0.8998628258705139,6.0,39.25
228.6499938964844,0.8779149651527405,6.0625,38.79999923706055
231.1100006103516,0.8669410347938538,5.9375,39.0
233.2700042724609,0.9218106865882874,6.0,39.0
225.0200042724609,0.8888888955116272,6.0625,38.75
225.00999450683597,0.7791495323181152,6.0,39.20000076293945
226.9900054931641,0.7462276816368103,5.9375,38.25
213.7700042724609,0.7681756019592285,6.0,38.25
222.0500030517578,0.7352537512779236,6.0,39.04999923706055
215.7899932861328,0.7242798209190369,6.0,38.900001525878906
211.88999938964844,0.6145404577255249,6.0,39.150001525878906
215.69000244140625,0.7352537512779236,5.875,38.75
236.82000732421875,0.8120713233947754,5.9375,39.09999847412109
230.41000366210935,0.7791495323181152,6.0,38.70000076293945
218.32000732421875,0.7352537512779236,5.9375,38.84999847412109
217.00999450683597,0.7736625671386719,5.9375,39.150001525878906
215.0,0.7736625671386719,5.9375,38.84999847412109
216.83999633789065,0.790123462677002,5.875,38.25
232.6499938964844,0.790123462677002,5.875,38.04999923706055
197.27999877929688,0.7462276816368103,5.875,39.20000076293945
194.63999938964844,0.7462276816368103,5.875,39.54999923706055
189.25,0.7681756019592285,5.9375,39.5
178.75,0.7352537512779236,5.9375,40.59999847412109
183.27999877929688,0.7352537512779236,5.8125,39.70000076293945
175.7100067138672,0.68038409948349,5.6875,40.150001525878906
169.0500030517578,0.68038409948349,5.6875,40.75
177.52000427246094,0.68038409948349,5.75,40.70000076293945
179.8800048828125,0.6913580298423767,5.8125,40.5
185.0,0.7352537512779236,5.6875,40.95000076293945
174.7899932861328,0.7352537512779236,5.625,40.84999847412109
170.0,0.7462276816368103,5.8125,40.84999847412109
171.50999450683594,0.7242798209190369,5.6875,40.29999923706055
173.0800018310547,0.7023319602012634,5.625,40.09999847412109
162.3300018310547,0.7023319602012634,5.75,39.45000076293945
162.7899932861328,0.7023319602012634,5.75,39.150001525878906
163.58999633789062,0.7023319602012634,5.5625,40.25
158.32000732421875,0.6913580298423767,5.5625,39.0
163.0,0.68038409948349,5.5625,38.900001525878906
167.0,0.68038409948349,5.5,39.54999923706055
162.11000061035156,0.6474622488021851,5.5,39.29999923706055
160.50999450683594,0.6639232039451599,5.375,39.150001525878906
163.0800018310547,0.6255143880844116,5.4375,40.650001525878906
165.58999633789062,0.6145404577255249,5.5,40.20000076293945
161.60000610351562,0.6474622488021851,5.375,40.400001525878906
157.0,0.6364883184432983,5.3125,40.900001525878906
153.0,0.6474622488021851,5.3125,40.79999923706055
150.4499969482422,0.6474622488021851,5.25,40.45000076293945
151.14999389648438,0.6255143880844116,4.6875,41.0
154.75999450683594,0.6145404577255249,4.5,40.34999847412109
157.6999969482422,0.6255143880844116,4.25,41.09999847412109
155.0,0.6255143880844116,4.25,40.70000076293945
148.0,0.6255143880844116,4.5,40.45000076293945
141.4499969482422,0.6255143880844116,4.5,40.900001525878906
142.82000732421875,0.6255143880844116,4.625,40.75
145.30999755859375,0.6145404577255249,4.9375,41.45000076293945
145.11000061035156,0.6035665273666382,5.125,41.70000076293945
145.3699951171875,0.6255143880844116,5.0,41.75
139.97999572753906,0.6255143880844116,5.0,41.20000076293945
141.0500030517578,0.6364883184432983,4.875,40.5
140.5,0.6474622488021851,4.875,40.400001525878906
132.9499969482422,0.6145404577255249,4.8125,40.59999847412109
134.0,0.6364883184432983,4.625,40.95000076293945
137.99000549316406,0.6474622488021851,4.8125,40.54999923706055
143.8000030517578,0.6364883184432983,4.8125,41.5
148.05999755859375,0.6474622488021851,4.75,42.09999847412109
148.1999969482422,0.6364883184432983,4.625,42.59999847412109
147.5,0.6474622488021851,4.4375,42.20000076293945
142.8000030517578,0.6584362387657166,4.4375,42.25
137.00999450683594,0.6364883184432983,4.375,42.20000076293945
135.97999572753906,0.6145404577255249,4.5,41.75
136.11000061035156,0.6255143880844116,4.6875,41.95000076293945
138.47999572753906,0.6584362387657166,5.375,42.400001525878906
137.00999450683594,0.6584362387657166,5.4375,42.650001525878906
136.00999450683594,0.6694101691246033,5.1875,42.5
136.5399932861328,0.68038409948349,5.0625,42.59999847412109
137.00999450683594,0.6584362387657166,5.125,42.59999847412109
133.41000366210938,0.6474622488021851,5.25,43.20000076293945
134.0,0.6474622488021851,5.3125,42.95000076293945
129.99000549316406,0.6474622488021851,5.375,44.5
129.6999969482422,0.6584362387657166,5.0625,43.09999847412109
131.5399932861328,0.6694101691246033,4.875,43.650001525878906
132.75,0.6364883184432983,4.9375,43.70000076293945
130.49000549316406,0.6694101691246033,5.0,43.79999923706055
112.9499969482422,0.6694101691246033,5.125,43.75
100.0,0.6364883184432983,5.125,43.20000076293945
99.0,0.6364883184432983,4.875,43.5
97.33000183105467,0.6364883184432983,5.25,43.45000076293945
91.2300033569336,0.68038409948349,5.125,43.09999847412109
79.69999694824219,0.6584362387657166,5.0625,42.84999847412109
60.0,0.6584362387657166,5.0,42.29999923706055
41.54999923706055,0.68038409948349,5.0,42.650001525878906
36.5,0.6584362387657166,5.0625,43.09999847412109
30.350000381469727,0.6474622488021851,5.125,43.70000076293945
34.5,0.6474622488021851,5.0,43.29999923706055
32.349998474121094,0.6584362387657166,4.9375,43.79999923706055
33.9900016784668,0.6474622488021851,4.9375,43.900001525878906
37.09000015258789,0.6474622488021851,4.9375,44.59999847412109
36.0,0.6694101691246033,4.9375,43.34999847412109
38.45000076293945,0.6584362387657166,4.8125,43.400001525878906
39.81999969482422,0.6255143880844116,4.8125,43.29999923706055
38.16999816894531,0.6255143880844116,4.6875,43.45000076293945
35.0,0.6255143880844116,4.625,43.70000076293945
32.599998474121094,0.6255143880844116,4.5,43.150001525878906
30.959999084472656,0.6474622488021851,4.75,43.95000076293945
27.6299991607666,0.6474622488021851,4.8125,43.75
24.51000022888184,0.6474622488021851,4.75,43.84999847412109
28.549999237060547,0.6364883184432983,4.5,44.5
25.549999237060547,0.6145404577255249,4.25,44.79999923706055
26.549999237060547,0.6255143880844116,4.5625,44.04999923706055
26.63999938964844,0.570644736289978,4.8125,44.04999923706055
26.709999084472656,0.570644736289978,4.6875,43.650001525878906
25.3700008392334,0.6255143880844116,4.75,43.75
24.71999931335449,0.6255143880844116,4.625,44.150001525878906
25.11000061035156,0.6145404577255249,4.625,43.900001525878906
23.3799991607666,0.6145404577255249,4.6875,44.29999923706055
24.15999984741211,0.6145404577255249,4.6875,44.79999923706055
24.040000915527344,0.6364883184432983,4.5625,45.29999923706055
24.649999618530277,0.6035665273666382,4.5625,45.95000076293945
24.0,0.6035665273666382,4.5,45.20000076293945
23.26000022888184,0.5816186666488647,4.4375,45.59999847412109
23.34000015258789,0.5816186666488647,4.4375,45.400001525878906
23.459999084472656,0.5816186666488647,4.5,44.70000076293945
24.799999237060547,0.570644736289978,4.8125,44.54999923706055
26.049999237060547,0.5486968159675598,4.6875,45.0
28.049999237060547,0.5596708059310913,4.8125,44.84999847412109
29.75,0.5925925970077515,5.1875,45.20000076293945
33.0,0.570644736289978,5.25,44.150001525878906
37.5,0.5267489552497864,5.0625,44.34999847412109
31.600000381469727,0.5377228856086731,5.1875,44.25
31.450000762939453,0.5267489552497864,5.25,45.04999923706055
33.13999938964844,0.5157750248908997,5.3125,44.45000076293945
31.450000762939453,0.5157750248908997,6.0625,44.84999847412109
29.0,0.5157750248908997,6.0625,45.0
27.950000762939453,0.5048010945320129,5.8125,45.150001525878906
27.75,0.4828532338142395,5.9375,45.0
28.739999771118164,0.4499314129352569,5.875,45.04999923706055
26.51000022888184,0.4499314129352569,5.875,45.09999847412109
25.299999237060547,0.4609053432941437,5.875,45.09999847412109
24.850000381469727,0.4718792736530304,6.0,45.20000076293945
25.0,0.4609053432941437,6.0,45.34999847412109
23.3700008392334,0.4609053432941437,5.9375,45.0
24.149999618530277,0.4609053432941437,6.0,44.79999923706055
26.149999618530277,0.4718792736530304,5.8125,44.70000076293945
34.15999984741211,0.4718792736530304,5.625,43.84999847412109
27.979999542236328,0.4279835522174835,5.375,44.29999923706055
26.5,0.4279835522174835,5.5625,44.04999923706055
26.770000457763672,0.4609053432941437,5.5625,44.34999847412109
23.90999984741211,0.4609053432941437,5.375,44.900001525878906
21.520000457763672,0.4609053432941437,5.375,44.220001220703125
20.530000686645508,0.4609053432941437,5.25,44.20000076293945
19.3799991607666,0.4718792736530304,5.1875,44.79999923706055
17.5,0.4828532338142395,5.0625,43.84999847412109
15.359999656677246,0.5048010945320129,4.9375,44.54999923706055
12.5600004196167,0.5048010945320129,5.0,43.79999923706055
12.949999809265137,0.5377228856086731,5.1875,43.400001525878906
13.4399995803833,0.5048010945320129,5.5625,44.54999923706055
12.0,0.5048010945320129,5.5,43.150001525878906
13.020000457763672,0.5157750248908997,5.3125,44.0
14.1899995803833,0.5377228856086731,5.0625,43.75
14.460000038146973,0.570644736289978,4.9375,44.95000076293945
16.799999237060547,0.5267489552497864,4.875,44.70000076293945
17.6299991607666,0.5267489552497864,4.8125,43.45000076293945
16.610000610351562,0.6145404577255249,4.8125,42.400001525878906
15.140000343322754,0.5596708059310913,4.875,40.75
15.699999809265137,0.5596708059310913,4.875,41.400001525878906
14.699999809265137,0.5596708059310913,4.875,41.7599983215332
14.199999809265137,0.5816186666488647,4.9375,40.619998931884766
12.800000190734863,0.5596708059310913,4.875,41.209999084472656
12.75,0.5596708059310913,4.9375,42.77999877929688
12.25,0.5816186666488647,5.0,41.970001220703125
12.220000267028809,0.5596708059310913,4.9375,41.44499969482422
11.199999809265137,0.5596708059310913,4.9375,42.15999984741211
13.890000343322754,0.5486968159675598,4.9375,41.744998931884766
14.390000343322754,0.5486968159675598,4.9375,41.400001525878906
13.460000038146973,0.5486968159675598,4.9375,40.290000915527344
15.09000015258789,0.5102880597114563,4.875,39.93999862670898
15.510000228881836,0.4938271641731262,4.875,40.38999938964844
16.93000030517578,0.4718792736530304,4.875,40.540000915527344
19.25,0.4718792736530304,4.6875,40.56999969482422
20.01000022888184,0.4828532338142395,4.25,39.93000030517578
18.18000030517578,0.4828532338142395,4.25,40.27000045776367
19.32999992370605,0.4499314129352569,4.25,38.720001220703125
17.260000228881836,0.4609053432941437,4.375,38.29999923706055
16.440000534057617,0.4938271641731262,4.625,37.70000076293945
20.0,0.5267489552497864,4.6875,38.02000045776367
19.700000762939453,0.5267489552497864,4.6875,38.68999862670898
19.43000030517578,0.5267489552497864,4.875,38.650001525878906
15.960000038146973,0.5267489552497864,4.75,38.83000183105469
15.5,0.5267489552497864,4.6875,38.81999969482422
16.649999618530273,0.5596708059310913,4.6875,38.470001220703125
16.469999313354492,0.5048010945320129,4.75,38.56999969482422
14.880000114440918,0.4938271641731262,4.5,38.59999847412109
16.5,0.4938271641731262,4.4375,39.27000045776367
17.399999618530273,0.4938271641731262,4.3125,38.79999923706055
17.200000762939453,0.4938271641731262,4.3125,38.88999938964844
16.399999618530273,0.5157750248908997,4.4375,38.880001068115234
15.9399995803833,0.4938271641731262,4.5,38.59999847412109
17.309999465942383,0.4938271641731262,4.4375,38.84999847412109
16.68000030517578,0.4938271641731262,4.4375,37.7400016784668
16.959999084472656,0.5157750248908997,4.4375,38.22999954223633
16.200000762939453,0.5157750248908997,4.3125,38.18000030517578
15.760000228881836,0.4718792736530304,4.3125,37.79999923706055
14.949999809265137,0.4718792736530304,4.25,37.18000030517578
15.479999542236328,0.4718792736530304,4.3125,37.34999847412109
15.18000030517578,0.4718792736530304,4.25,37.77999877929688
15.59000015258789,0.5157750248908997,4.1875,37.75
17.459999084472656,0.5048010945320129,4.1875,38.0
15.670000076293944,0.5157750248908997,4.125,38.83000183105469
15.220000267028809,0.5486968159675598,4.125,38.04999923706055
14.529999732971191,0.5157750248908997,4.0,38.5
14.800000190734863,0.5157750248908997,3.9375,37.209999084472656
14.949999809265137,0.5486968159675598,3.75,34.790000915527344
15.550000190734863,0.5157750248908997,3.6875,34.93000030517578
16.809999465942383,0.5157750248908997,3.5,34.189998626708984
17.889999389648438,0.4609053432941437,3.4375,34.5
18.149999618530277,0.4060356616973877,3.5,34.0
18.709999084472656,0.4499314129352569,3.3125,34.25
19.11000061035156,0.4609053432941437,3.4375,33.0
17.8799991607666,0.4389574825763702,3.375,32.27000045776367
17.469999313354492,0.4279835522174835,3.375,32.06999969482422
17.25,0.4279835522174835,3.375,31.57999992370605
17.3700008392334,0.4609053432941437,3.3125,29.989999771118164
17.030000686645508,0.4773662686347961,3.4375,30.049999237060547
17.0,0.4554183781147003,3.3125,29.63999938964844
17.020000457763672,0.466392308473587,3.25,29.40999984741211
16.459999084472656,0.4883401989936828,3.125,30.299999237060547
15.75,0.4828532338142395,3.0,30.600000381469727
13.800000190734863,0.4609053432941437,2.625,32.13999938964844
13.029999732971191,0.4828532338142395,3.0,32.11000061035156
13.300000190734863,0.4609053432941437,3.25,33.380001068115234
13.18000030517578,0.4609053432941437,3.25,33.849998474121094
13.0,0.4609053432941437,3.3125,34.52000045776367
13.300000190734863,0.4609053432941437,3.0,35.11000061035156
13.0,0.4499314129352569,2.9375,35.599998474121094
13.40999984741211,0.4499314129352569,2.9375,35.77000045776367
13.9399995803833,0.4389574825763702,3.0625,34.790000915527344
14.350000381469728,0.4718792736530304,3.0,34.779998779296875
13.949999809265137,0.4609053432941437,2.875,35.02000045776367
14.0,0.4279835522174835,2.875,35.41999816894531
13.25,0.4279835522174835,2.75,35.91999816894531
12.899999618530272,0.4279835522174835,2.8125,36.02999877929688
12.100000381469728,0.4389574825763702,3.125,36.25
12.0,0.4279835522174835,3.125,35.849998474121094
11.899999618530272,0.395061731338501,3.125,35.7599983215332
11.800000190734863,0.4609053432941437,3.0625,35.43000030517578
13.130000114440918,0.4389574825763702,3.0,35.130001068115234
14.260000228881836,0.4170095920562744,3.0625,36.209999084472656
14.449999809265137,0.4170095920562744,2.9375,36.18000030517578
16.5,0.4499314129352569,2.875,35.880001068115234
16.68000030517578,0.4170095920562744,2.875,36.0099983215332
18.420000076293945,0.4499314129352569,2.8125,36.060001373291016
20.549999237060547,0.395061731338501,2.9375,36.470001220703125
20.01000022888184,0.395061731338501,3.0,36.7400016784668
19.76000022888184,0.395061731338501,3.0,36.9900016784668
19.700000762939453,0.3840878009796142,2.875,36.90999984741211
19.520000457763672,0.3840878009796142,2.9375,37.380001068115234
22.0,0.3840878009796142,2.875,37.54999923706055
20.5,0.4389574825763702,2.9375,38.0
18.350000381469727,0.4389574825763702,2.75,38.02999877929688
16.59000015258789,0.395061731338501,2.875,38.33000183105469
16.489999771118164,0.4389574825763702,2.75,38.5
15.979999542236328,0.395061731338501,3.375,38.72999954223633
15.06999969482422,0.395061731338501,3.25,38.790000915527344
15.380000114440918,0.395061731338501,3.125,38.61000061035156
15.140000343322754,0.395061731338501,3.25,38.4900016784668
16.75,0.395061731338501,3.1875,37.75
15.489999771118164,0.4060356616973877,3.125,37.79999923706055
15.0,0.4060356616973877,3.0625,38.0
13.9399995803833,0.3840878009796142,3.0,38.06999969482422
12.449999809265137,0.4279835522174835,3.125,38.119998931884766
11.399999618530272,0.4499314129352569,3.0,37.84999847412109
17.200000762939453,0.4499314129352569,3.0,37.68999862670898
13.56999969482422,0.4060356616973877,2.9375,36.77999877929688
13.0,0.4499314129352569,2.875,35.790000915527344
12.210000038146973,0.4499314129352569,2.875,35.91999816894531
13.0,0.395061731338501,3.0,36.310001373291016
13.229999542236328,0.4170095920562744,2.875,36.36000061035156
12.789999961853027,0.395061731338501,2.75,36.33000183105469
12.65999984741211,0.3840878009796142,2.75,36.34999847412109
12.699999809265137,0.395061731338501,2.8125,36.36000061035156
13.06999969482422,0.395061731338501,2.875,36.68000030517578
14.100000381469728,0.4170095920562744,3.0625,35.7599983215332
14.670000076293944,0.411522626876831,3.125,34.599998474121094
16.200000762939453,0.395061731338501,3.0,34.119998931884766
17.040000915527344,0.3840878009796142,3.125,32.31999969482422
18.399999618530277,0.4279835522174835,3.0625,32.970001220703125
18.729999542236328,0.4060356616973877,3.0625,33.33000183105469
19.76000022888184,0.3840878009796142,3.0,33.400001525878906
21.799999237060547,0.4279835522174835,3.0,34.16999816894531
22.93000030517578,0.395061731338501,2.9375,33.97999954223633
25.700000762939453,0.395061731338501,2.875,35.25
22.270000457763672,0.4060356616973877,2.8125,35.400001525878906
21.979999542236328,0.395061731338501,2.875,35.36000061035156
20.26000022888184,0.3840878009796142,2.875,35.83000183105469
18.770000457763672,0.4279835522174835,2.875,36.02999877929688
16.579999923706055,0.4060356616973877,2.6875,35.90999984741211
16.84000015258789,0.4060356616973877,2.6875,35.380001068115234
16.25,0.4060356616973877,2.6875,35.959999084472656
16.979999542236328,0.4389574825763702,2.8125,36.52999877929688
18.65999984741211,0.4060356616973877,3.0625,37.0
17.6200008392334,0.4389574825763702,3.125,36.52999877929688
17.260000228881836,0.4060356616973877,3.125,37.15999984741211
16.290000915527344,0.4170095920562744,3.125,36.91999816894531
15.770000457763672,0.4471879303455353,3.5,36.15999984741211
14.850000381469728,0.4609053432941437,3.9375,36.15999984741211
13.720000267028809,0.5267489552497864,3.8125,36.77000045776367
14.40999984741211,0.5267489552497864,3.875,37.06999969482422
14.550000190734863,0.4938271641731262,4.0,35.81999969482422
14.600000381469728,0.5048010945320129,4.125,34.79999923706055
14.739999771118164,0.4718792736530304,4.0,35.2599983215332
13.68000030517578,0.5267489552497864,4.3125,34.68000030517578
13.699999809265137,0.4828532338142395,4.25,34.630001068115234
13.970000267028809,0.5157750248908997,4.25,34.95000076293945
13.729999542236328,0.5267489552497864,4.1875,35.2599983215332
14.470000267028809,0.5267489552497864,4.4375,35.56999969482422
14.020000457763672,0.5596708059310913,4.625,35.63999938964844
13.970000267028809,0.5048010945320129,4.625,35.04999923706055
13.800000190734863,0.5048010945320129,4.4375,35.369998931884766
13.760000228881836,0.5048010945320129,4.4375,35.369998931884766
13.510000228881836,0.4718792736530304,4.375,34.849998474121094
13.0600004196167,0.4828532338142395,4.4375,34.849998474121094
13.989999771118164,0.4389574825763702,4.375,35.040000915527344
14.729999542236328,0.4938271641731262,4.6875,35.04999923706055
15.170000076293944,0.4389574825763702,4.625,34.790000915527344
14.06999969482422,0.4170095920562744,4.75,35.20000076293945
13.5,0.4170095920562744,5.125,35.20000076293945
13.31999969482422,0.4170095920562744,4.875,34.709999084472656
12.989999771118164,0.4718792736530304,4.6875,34.75
12.960000038146973,0.4389574825763702,4.5625,34.81999969482422
12.8100004196167,0.3731138408184051,4.5,34.04999923706055
12.75,0.395061731338501,4.3125,34.229000091552734
12.869999885559082,0.4170095920562744,4.1875,32.81999969482422
12.899999618530272,0.4170095920562744,4.25,32.47999954223633
14.5,0.4389574825763702,4.375,32.970001220703125
13.510000228881836,0.4170095920562744,4.1875,33.349998474121094
13.390000343322754,0.4389574825763702,4.3125,32.709999084472656
13.15999984741211,0.4279835522174835,4.375,32.400001525878906
13.149999618530272,0.4279835522174835,4.375,32.4900016784668
13.489999771118164,0.4609053432941437,4.4375,32.91999816894531
13.520000457763672,0.4609053432941437,4.4375,32.66999816894531
13.90999984741211,0.4170095920562744,4.5,32.790000915527344
13.720000267028809,0.4170095920562744,4.5625,33.07500076293945
14.050000190734863,0.4499314129352569,4.5,32.77000045776367
14.25,0.4938271641731262,4.375,32.93000030517578
13.710000038146973,0.4938271641731262,4.3125,33.2400016784668
13.539999961853027,0.4609053432941437,4.375,33.45000076293945
13.199999809265137,0.4773662686347961,4.5,33.18000030517578
12.760000228881836,0.4389574825763702,4.4375,33.040000915527344
12.720000267028809,0.4773662686347961,4.5,32.43000030517578
13.109999656677246,0.4773662686347961,4.375,32.40999984741211
13.5,0.4609053432941437,4.25,32.13999938964844
14.0600004196167,0.4609053432941437,4.25,32.93000030517578
14.449999809265137,0.4609053432941437,4.375,33.599998474121094
13.739999771118164,0.4609053432941437,4.375,33.310001373291016
13.420000076293944,0.4609053432941437,4.25,33.13999938964844
13.3100004196167,0.4499314129352569,4.25,33.209999084472656
13.40999984741211,0.4718792736530304,4.625,33.36000061035156
13.729999542236328,0.4499314129352569,4.8125,33.0099983215332
13.779999732971191,0.4718792736530304,4.75,33.4900016784668
13.850000381469728,0.4718792736530304,4.75,33.25
13.90999984741211,0.4938271641731262,4.5625,33.5099983215332
13.9399995803833,0.4499314129352569,4.5625,34.099998474121094
14.010000228881836,0.4499314129352569,4.4375,33.279998779296875
14.789999961853027,0.4938271641731262,4.4375,33.310001373291016
14.6899995803833,0.4609053432941437,4.4375,33.18000030517578
16.600000381469727,0.4828532338142395,4.3125,33.36000061035156
16.829999923706055,0.4609053432941437,4.25,33.41999816894531
16.610000610351562,0.4609053432941437,4.25,33.310001373291016
15.4399995803833,0.4609053432941437,4.25,33.849998474121094
16.260000228881836,0.4609053432941437,4.25,34.04999923706055
16.729999542236328,0.4883401989936828,4.4375,34.9900016784668
16.530000686645508,0.5048010945320129,4.5,35.029998779296875
18.06999969482422,0.4883401989936828,4.5625,33.7599983215332
22.51000022888184,0.4938271641731262,4.375,33.66999816894531
21.13999938964844,0.5267489552497864,4.375,33.47999954223633
20.770000457763672,0.4938271641731262,4.25,32.38999938964844
22.61000061035156,0.4828532338142395,4.125,31.780000686645508
25.030000686645508,0.4828532338142395,4.125,31.850000381469727
28.5,0.5157750248908997,4.0,31.520000457763672
33.689998626708984,0.4938271641731262,4.1875,32.029998779296875
55.0,0.4883401989936828,4.125,32.38999938964844
39.7400016784668,0.4828532338142395,4.125,32.220001220703125
34.0,0.4938271641731262,4.1875,32.0
33.400001525878906,0.4828532338142395,4.25,31.76000022888184
37.84999847412109,0.4828532338142395,4.25,31.530000686645508
33.95000076293945,0.4718792736530304,4.25,31.75
36.45000076293945,0.4609053432941437,4.3125,32.5
38.0,0.4828532338142395,4.3125,32.31999969482422
37.95000076293945,0.4828532338142395,4.1875,32.2400016784668
32.900001525878906,0.4609053432941437,4.1875,32.290000915527344
32.900001525878906,0.4828532338142395,4.0,31.940000534057617
32.04999923706055,0.4828532338142395,4.0625,31.61000061035156
32.54999923706055,0.4718792736530304,4.0,31.63999938964844
34.70000076293945,0.4609053432941437,3.8125,30.959999084472656
35.150001525878906,0.4609053432941437,3.75,31.6200008392334
35.5,0.4499314129352569,3.75,32.43000030517578
36.04999923706055,0.4499314129352569,3.75,32.130001068115234
36.70000076293945,0.4499314129352569,3.9375,32.18000030517578
34.849998474121094,0.4609053432941437,3.875,32.349998474121094
34.150001525878906,0.4279835522174835,3.875,32.91999816894531
37.20000076293945,0.4279835522174835,3.8125,32.810001373291016
36.5,0.4279835522174835,3.8125,33.93000030517578
36.59999847412109,0.4334705173969269,3.6875,34.79999923706055
32.900001525878906,0.4609053432941437,3.625,35.56999969482422
32.099998474121094,0.4389574825763702,3.5,36.04999923706055
29.950000762939453,0.4389574825763702,3.5,35.220001220703125
28.850000381469727,0.4499314129352569,3.5625,34.95000076293945
28.950000762939453,0.4389574825763702,3.4375,34.939998626708984
27.700000762939453,0.4609053432941437,3.4375,34.79999923706055
28.25,0.4609053432941437,3.375,34.459999084472656
28.549999237060547,0.4609053432941437,3.375,33.09000015258789
28.899999618530277,0.4609053432941437,3.375,33.58000183105469
29.700000762939453,0.4609053432941437,3.3125,32.4900016784668
29.350000381469727,0.4636488258838653,3.4375,33.099998474121094
28.649999618530277,0.4499314129352569,3.25,32.43000030517578
27.700000762939453,0.4718792736530304,3.1875,32.02000045776367
28.0,0.4499314129352569,3.25,32.130001068115234
29.299999237060547,0.4499314129352569,3.25,30.84000015258789
32.900001525878906,0.4060356616973877,3.1875,30.81999969482422
37.0,0.4389574825763702,3.1875,30.850000381469727
42.09999847412109,0.4279835522174835,3.125,31.07999992370605
42.04999923706055,0.4279835522174835,3.25,34.97999954223633
41.75,0.4170095920562744,3.1875,33.970001220703125
41.04999923706055,0.4170095920562744,3.0625,33.77000045776367
44.20000076293945,0.4279835522174835,3.375,33.5099983215332
47.34999847412109,0.4170095920562744,3.5625,33.5099983215332
53.95000076293945,0.4279835522174835,3.5625,33.7599983215332
47.70000076293945,0.4060356616973877,3.5625,34.369998931884766
45.45000076293945,0.4170095920562744,3.5,34.529998779296875
51.54999923706055,0.4170095920562744,3.5625,34.54999923706055
52.29999923706055,0.4334705173969269,3.625,35.150001525878906
53.54999923706055,0.4389574825763702,3.5625,35.720001220703125
58.0,0.4389574825763702,3.5,35.779998779296875
51.5,0.4389574825763702,3.5625,35.88999938964844
49.09999847412109,0.4389574825763702,3.5,34.27000045776367
53.54999923706055,0.4279835522174835,3.4375,33.349998474121094
53.5,0.4170095920562744,3.375,33.709999084472656
56.0,0.4170095920562744,3.375,33.13999938964844
59.79999923706055,0.4170095920562744,3.4375,32.75
60.0,0.4279835522174835,3.4375,33.209999084472656
60.25,0.4224965572357178,3.4375,34.630001068115234
60.84999847412109,0.4279835522174835,3.375,35.7599983215332
64.05000305175781,0.466392308473587,3.3125,35.060001373291016
63.59999847412109,0.4389574825763702,3.3125,35.470001220703125
68.1500015258789,0.4938271641731262,3.375,35.459999084472656
70.44999694824219,0.6694101691246033,3.3125,35.02000045776367
71.69999694824219,0.5651577711105347,3.375,35.31999969482422
73.05000305175781,0.5157750248908997,3.4375,35.09000015258789
70.6500015258789,0.5377228856086731,3.5625,35.040000915527344
62.29999923706055,0.5651577711105347,3.5625,34.880001068115234
64.0999984741211,0.5925925970077515,3.375,34.56999969482422
62.25,0.5925925970077515,3.5,34.52000045776367
59.150001525878906,0.6145404577255249,3.625,34.86000061035156
61.58000183105469,0.5980795621871948,3.625,35.29999923706055
62.5,0.570644736289978,4.75,35.29999923706055
62.54999923706055,0.570644736289978,4.875,35.27000045776367
64.69999694824219,0.6090534925460815,6.125,35.75
77.30000305175781,0.5816186666488647,6.0625,35.65999984741211
76.30000305175781,0.570644736289978,6.6875,35.70000076293945
82.0,0.5925925970077515,7.8125,36.0
80.5,0.5596708059310913,7.0625,35.27000045776367
78.25,0.5596708059310913,6.5625,35.689998626708984
73.3499984741211,0.5596708059310913,6.4375,36.02000045776367
75.9000015258789,0.5486968159675598,7.0,36.25
76.05000305175781,0.5377228856086731,7.4375,36.45000076293945
76.3499984741211,0.5267489552497864,7.25,36.650001525878906
78.0,0.5377228856086731,7.0,36.79999923706055
74.30000305175781,0.5267489552497864,7.125,36.34999847412109
76.8499984741211,0.5486968159675598,7.375,36.68999862670898
73.80000305175781,0.5377228856086731,7.125,37.20000076293945
70.4000015258789,0.5157750248908997,6.75,37.369998931884766
71.19999694824219,0.5102880597114563,7.0,37.95000076293945
69.5,0.5102880597114563,7.25,37.9900016784668
69.5999984741211,0.5267489552497864,7.0,37.970001220703125
71.30000305175781,0.5048010945320129,6.9375,37.90999984741211
74.44999694824219,0.5267489552497864,6.75,37.70000076293945
79.05000305175781,0.570644736289978,6.625,37.63999938964844
85.6500015258789,0.5925925970077515,6.5,37.65999984741211
80.4000015258789,0.5980795621871948,6.5625,37.380001068115234
77.94999694824219,0.6035665273666382,6.3125,37.47999954223633
74.1500015258789,0.6090534925460815,6.4375,38.02000045776367
75.9000015258789,0.6255143880844116,6.4375,37.08000183105469
77.0,0.6584362387657166,6.4375,37.040000915527344
72.30000305175781,0.6474622488021851,6.5625,37.38999938964844
74.94999694824219,0.6255143880844116,7.25,37.0
74.9000015258789,0.6364883184432983,7.0625,37.54999923706055
73.44999694824219,0.6419752836227417,6.75,37.34999847412109
63.34999847412109,0.6474622488021851,7.0625,37.25
60.45000076293945,0.6584362387657166,8.125,37.29999923706055
59.54999923706055,0.6364883184432983,8.0625,37.220001220703125
57.650001525878906,0.6255143880844116,8.1875,37.040000915527344
54.0,0.6255143880844116,8.125,37.7599983215332
58.09000015258789,0.6255143880844116,8.0625,37.2400016784668
60.75,0.6364883184432983,7.75,37.02000045776367
67.9000015258789,0.6200274229049683,8.125,36.77000045776367
67.4000015258789,0.6145404577255249,8.6875,37.08000183105469
73.01000213623047,0.6090534925460815,9.3125,36.16999816894531
75.19999694824219,0.5816186666488647,9.75,36.630001068115234
71.8499984741211,0.5816186666488647,9.8125,37.0
67.4000015258789,0.6090534925460815,9.375,37.560001373291016
65.94999694824219,0.5816186666488647,9.4375,37.709999084472656
64.94999694824219,0.6035665273666382,9.3125,37.45000076293945
66.69999694824219,0.6035665273666382,9.4375,38.0
69.0,0.5816186666488647,9.25,38.29999923706055
70.0,0.6035665273666382,9.5,38.43999862670898
72.5999984741211,0.6145404577255249,8.1875,38.47999954223633
72.7300033569336,0.6145404577255249,8.375,38.29999923706055
75.0,0.6255143880844116,8.3125,38.45000076293945
73.19999694824219,0.6145404577255249,10.375,38.45000076293945
74.0,0.6035665273666382,9.5,37.79999923706055
68.80000305175781,0.6255143880844116,9.375,38.4900016784668
71.6500015258789,0.6063100099563599,11.0625,38.369998931884766
74.5,0.6145404577255249,9.875,37.5099983215332
74.5,0.5486968159675598,9.25,37.59999847412109
74.1500015258789,0.5816186666488647,9.375,37.79999923706055
73.54000091552734,0.5596708059310913,9.4375,36.77999877929688
76.9000015258789,0.5596708059310913,8.8125,36.86000061035156
77.25,0.5596708059310913,8.6875,36.02999877929688
71.05000305175781,0.521261990070343,8.375,34.7400016784668
69.1500015258789,0.5377228856086731,8.5625,33.220001220703125
70.27999877929688,0.5651577711105347,8.125,33.2400016784668
71.5999984741211,0.5925925970077515,8.375,34.02000045776367
72.3499984741211,0.6255143880844116,8.0,33.650001525878906
75.69999694824219,0.5925925970077515,8.3125,33.130001068115234
71.0999984741211,0.6145404577255249,8.375,30.8799991607666
70.05000305175781,0.6145404577255249,8.4375,27.770000457763672
69.5999984741211,0.6145404577255249,8.25,27.479999542236328
74.19999694824219,0.6364883184432983,8.1875,27.32999992370605
75.8499984741211,0.6035665273666382,8.125,24.43000030517578
70.5999984741211,0.6255143880844116,8.25,25.729999542236328
75.0,0.6035665273666382,8.0,24.5
70.94999694824219,0.6035665273666382,8.0,23.09000015258789
74.6500015258789,0.6255143880844116,8.0,25.780000686645508
80.25,0.6255143880844116,8.125,24.940000534057617
89.5999984741211,0.6255143880844116,8.5,27.13999938964844
92.0500030517578,0.6255143880844116,8.4375,25.020000457763672
90.05000305175781,0.6364883184432983,8.0625,23.690000534057617
85.0,0.6584362387657166,8.0,24.76000022888184
92.0,0.6255143880844116,8.25,24.280000686645508
91.37000274658205,0.6145404577255249,8.75,24.450000762939453
91.37000274658205,0.6255143880844116,9.0625,23.940000534057617
90.0,0.6145404577255249,8.8125,24.01000022888184
88.9000015258789,0.6584362387657166,9.0625,23.07999992370605
83.30000305175781,0.6639232039451599,9.1875,
85.5999984741211,0.6474622488021851,9.125,
82.30000305175781,0.6639232039451599,8.875,
86.0,0.7462276816368103,8.875,
88.0,0.7681756019592285,8.625,
87.80000305175781,0.7352537512779236,8.4375,
87.30000305175781,0.7242798209190369,7.6875,
89.44999694824219,0.7791495323181152,7.8125,
84.94999694824219,0.7133058905601501,7.875,
88.5999984741211,0.7407407164573669,8.25,
86.55000305175781,0.6913580298423767,8.375,
91.0,0.68038409948349,7.9375,
89.55000305175781,0.7462276816368103,7.75,
89.19999694824219,0.7133058905601501,7.75,
88.55000305175781,0.7133058905601501,7.6875,
88.30000305175781,0.7133058905601501,7.75,
87.44999694824219,0.7133058905601501,8.375,
89.80000305175781,0.7242798209190369,8.4375,
89.0,0.7407407164573669,8.4375,
89.5,0.7242798209190369,8.4375,
92.0,0.7462276816368103,8.25,
93.3499984741211,0.7242798209190369,8.25,
91.0999984741211,0.7407407164573669,8.3125,
91.5999984741211,0.7242798209190369,8.25,
91.62999725341795,0.7352537512779236,8.1875,
91.5,0.7352537512779236,7.75,
93.3499984741211,0.7242798209190369,7.25,
93.3000030517578,0.7352537512779236,7.75,
93.5,0.7352537512779236,7.4375,
94.5,0.7352537512779236,6.9375,
91.63999938964844,0.7242798209190369,6.5625,
93.3000030517578,0.6913580298423767,7.375,
93.5,0.6913580298423767,6.875,
91.0999984741211,0.7133058905601501,7.0,
90.56999969482422,0.7023319602012634,6.9375,
91.9000015258789,0.7023319602012634,6.875,
91.8499984741211,0.7352537512779236,6.9375,
90.04000091552734,0.7133058905601501,6.75,
90.0,0.6913580298423767,6.75,
86.05000305175781,0.7023319602012634,6.625,
88.0,0.6694101691246033,6.625,
87.19999694824219,0.7023319602012634,6.75,
84.0,0.6474622488021851,6.625,
86.0,0.6474622488021851,6.9375,
78.0999984741211,0.68038409948349,6.75,
70.0,0.68038409948349,6.8125,
73.55000305175781,0.6694101691246033,6.875,
74.0,0.6858710646629333,7.9375,
73.0999984741211,0.6913580298423767,7.375,
74.94999694824219,0.6748971343040466,7.125,
75.69999694824219,0.68038409948349,7.125,
78.19999694824219,0.6913580298423767,7.0625,
76.69999694824219,0.6748971343040466,7.125,
78.0,0.7023319602012634,7.0,
78.0999984741211,0.6913580298423767,6.875,
75.19999694824219,0.6858710646629333,6.8125,
77.25,0.68038409948349,6.375,
79.0,0.6639232039451599,6.625,
81.5,0.6913580298423767,6.6875,
88.0,0.6913580298423767,6.6875,
90.0,0.68038409948349,6.75,
96.5500030517578,0.68038409948349,6.5,
98.5,0.7023319602012634,6.875,
106.5,0.6584362387657166,7.125,
106.0,0.6584362387657166,6.625,
109.0,0.6748971343040466,6.625,
102.0,0.7352537512779236,6.5,
103.0999984741211,0.7572016716003418,6.5,
105.8499984741211,0.7407407164573669,6.0625,
107.9499969482422,0.7681756019592285,5.6875,
98.4499969482422,0.7736625671386719,5.9375,
98.5,0.7572016716003418,5.6875,
97.0,0.7681756019592285,5.6875,
89.0,0.7681756019592285,5.5625,
87.75,0.7517147064208984,5.8125,
87.80000305175781,0.7572016716003418,6.0625,
84.83000183105469,0.7681756019592285,6.625,
85.68000030517578,0.7517147064208984,6.9375,
85.80000305175781,0.7517147064208984,7.0,
83.0,0.7462276816368103,6.75,
80.5999984741211,0.7572016716003418,6.4375,
81.9000015258789,0.7462276816368103,6.3125,
83.55000305175781,0.7626886367797852,6.5,
91.6999969482422,0.7709190845489502,6.375,
88.0,0.8230452537536621,6.25,
87.6500015258789,0.8230452537536621,6.0625,
87.0,0.8120713233947754,6.0,
84.05000305175781,0.8230452537536621,6.0,
84.05000305175781,0.8120713233947754,5.625,
84.05000305175781,0.790123462677002,5.75,
87.0,0.7791495323181152,5.75,
87.0,0.7791495323181152,5.5625,
86.30000305175781,0.7791495323181152,5.375,
85.25,0.7462276816368103,5.3125,
85.5,0.7791495323181152,5.25,
84.05000305175781,0.7133058905601501,6.0625,
85.44999694824219,0.7133058905601501,6.375,
84.0999984741211,0.7023319602012634,6.3125,
83.80000305175781,0.7023319602012634,6.3125,
83.6500015258789,0.68038409948349,6.25,
83.6500015258789,0.7023319602012634,6.9375,
84.37999725341797,0.68038409948349,6.625,
84.37999725341797,0.68038409948349,6.5625,
85.5,0.6913580298423767,6.0,
80.4000015258789,0.6639232039451599,5.75,
80.4000015258789,0.6913580298423767,5.625,
80.5999984741211,0.6694101691246033,5.625,
81.0,0.6694101691246033,5.6875,
84.05000305175781,0.6913580298423767,5.5,
84.19999694824219,0.6584362387657166,5.375,
80.0999984741211,0.6584362387657166,5.5,
80.0,0.6474622488021851,5.6875,
75.5999984741211,0.6474622488021851,5.5,
75.0,0.631001353263855,5.4375,
76.75,0.6035665273666382,5.4375,
76.62999725341797,0.6035665273666382,5.25,
76.62999725341797,0.6145404577255249,5.3125,
70.25,0.6474622488021851,5.75,
73.25,0.6474622488021851,5.75,
77.0,0.6364883184432983,5.9375,
76.0,0.6529492735862732,6.0,
74.6500015258789,0.6584362387657166,5.9375,
72.0,0.6419752836227417,5.9375,
70.0,0.6584362387657166,6.125,
73.5,0.6584362387657166,6.0,
73.0,0.6419752836227417,6.0625,
70.1500015258789,0.6364883184432983,6.4375,
66.69999694824219,0.6145404577255249,6.625,
68.0,0.6255143880844116,6.5625,
73.0,0.6255143880844116,6.5625,
73.0,0.6364883184432983,6.6875,
74.44999694824219,0.6364883184432983,6.5,
82.0,0.7023319602012634,6.375,
80.91999816894531,0.6913580298423767,6.5,
77.8499984741211,0.7023319602012634,6.375,
87.69999694824219,0.7023319602012634,6.3125,
81.94999694824219,0.68038409948349,6.25,
80.0,0.68038409948349,6.0625,
77.80000305175781,0.6694101691246033,5.9375,
77.80000305175781,0.68038409948349,6.0,
74.0,0.6913580298423767,6.0,
74.0,0.68038409948349,6.125,
78.5,0.68038409948349,6.25,
81.5999984741211,0.6694101691246033,6.125,
77.94999694824219,0.6584362387657166,6.0625,
80.19999694824219,0.6584362387657166,5.8125,
80.19999694824219,0.6584362387657166,5.6875,
80.19999694824219,0.6584362387657166,5.5625,
79.0,0.6639232039451599,5.5,
79.0,0.6584362387657166,5.5625,
79.98999786376953,0.6364883184432983,5.4375,
79.98999786376953,0.6584362387657166,5.625,
75.94999694824219,0.6474622488021851,5.8125,
71.5,0.6035665273666382,5.4375,
71.5,0.6584362387657166,5.375,
71.5,0.6913580298423767,5.4375,
69.4000015258789,0.6584362387657166,5.3125,
67.69999694824219,0.6694101691246033,5.625,
69.6500015258789,0.6913580298423767,5.6875,
69.66000366210938,0.7242798209190369,5.625,
67.9000015258789,0.7133058905601501,5.875,
68.1500015258789,0.6913580298423767,5.8125,
66.94999694824219,0.7133058905601501,6.0,
69.0199966430664,0.7023319602012634,6.0,
66.5999984741211,0.68038409948349,5.75,
67.69999694824219,0.7133058905601501,5.625,
67.69999694824219,0.7023319602012634,5.125,
67.69999694824219,0.7023319602012634,5.25,
67.69999694824219,0.7023319602012634,5.125,
69.6500015258789,0.7023319602012634,5.375,
67.5999984741211,0.7133058905601501,5.125,
67.19999694824219,0.7133058905601501,5.125,
67.19999694824219,0.7242798209190369,4.875,
65.30000305175781,0.7572016716003418,4.875,
64.0,0.7791495323181152,4.875,
68.69999694824219,0.7681756019592285,5.0,
64.19999694824219,0.790123462677002,5.25,
63.900001525878906,0.7791495323181152,5.25,
67.0,0.8285322189331055,5.0,
67.0,0.8175582885742188,4.875,
68.0,0.855967104434967,5.25,
68.0,0.8175582885742188,5.375,
68.0,0.8285322189331055,5.625,
68.55000305175781,0.8230452537536621,5.25,
65.0,0.806584358215332,5.25,
66.44999694824219,0.8230452537536621,5.25,
65.19999694824219,0.7956104278564453,5.125,
66.6500015258789,0.790123462677002,5.0,
67.0,0.8175582885742188,5.0,
64.94999694824219,0.7791495323181152,4.625,
67.0,0.7956104278564453,4.5,
66.5,0.8449931144714355,4.5,
65.0,0.790123462677002,4.5,
62.95000076293945,0.8230452537536621,4.5,
62.54999923706055,0.806584358215332,4.625,
61.04999923706055,0.806584358215332,5.125,
60.79999923706055,0.8120713233947754,6.0,
60.79999923706055,0.8230452537536621,5.625,
59.95000076293945,0.790123462677002,6.0,
58.34999847412109,0.7846364974975586,6.25,
58.59999847412109,0.8230452537536621,5.875,
59.650001525878906,0.8395061492919922,6.125,
65.5,0.9108367562294006,5.875,
65.5,0.965706467628479,5.875,
65.5,0.8998628258705139,6.0,
63.25,0.8998628258705139,6.0,
62.04999923706055,0.9218106865882874,5.875,
62.04999923706055,0.8998628258705139,5.875,
63.0,0.932784616947174,6.125,
62.150001525878906,0.9218106865882874,5.875,
62.150001525878906,0.9437585473060608,6.125,
62.150001525878906,0.965706467628479,6.5,
62.150001525878906,0.9437585473060608,6.25,
62.25,0.9547325372695924,6.25,
62.25,0.965706467628479,6.25,
60.70000076293945,0.965706467628479,6.0,
60.0,0.9986282587051392,6.0,
58.040000915527344,1.0041152238845823,6.625,
57.29999923706055,0.9931412935256958,6.25,
58.5,0.9821673631668092,6.5,
59.0,0.9876543283462524,7.25,
56.04999923706055,0.9986282587051392,6.625,
60.900001525878906,0.965706467628479,6.75,
65.0,0.965706467628479,6.625,
62.0,0.9931412935256958,6.25,
66.0,0.9766803979873656,6.125,
63.84999847412109,0.965706467628479,6.25,
63.84999847412109,0.9821673631668092,6.5,
61.0,0.9766803979873656,6.5,
64.30000305175781,0.9931412935256958,6.375,
65.5,0.9931412935256958,6.25,
64.19999694824219,0.9876543283462524,6.25,
64.8499984741211,0.9876543283462524,6.5,
65.4000015258789,0.9931412935256958,6.5,
64.19999694824219,0.9766803979873656,6.125,
64.8499984741211,0.9876543283462524,6.125,
65.0999984741211,0.9766803979873656,6.125,
64.3499984741211,0.9986282587051392,6.625,
63.52999877929688,1.0041152238845823,6.125,
65.05000305175781,1.009602189064026,5.75,
65.0,0.9986282587051392,5.25,
64.69999694824219,0.965706467628479,5.375,
65.1500015258789,0.965706467628479,5.75,
66.5,0.9821673631668092,5.375,
65.55000305175781,0.9766803979873656,5.125,
66.55000305175781,0.9821673631668092,5.125,
68.1500015258789,0.9437585473060608,5.625,
63.15999984741211,0.9218106865882874,5.5,
67.55000305175781,0.9218106865882874,5.4375,
68.0,0.9218106865882874,5.375,
70.30000305175781,0.8779149651527405,5.125,
67.55000305175781,0.9218106865882874,4.75,
70.0,0.9108367562294006,4.75,
69.41999816894531,0.8888888955116272,4.75,
71.0,0.9218106865882874,4.75,
70.0999984741211,0.9218106865882874,4.875,
70.0999984741211,0.9108367562294006,4.75,
67.9000015258789,0.932784616947174,5.25,
70.19999694824219,0.9108367562294006,4.875,
72.3499984741211,0.9108367562294006,4.9375,
68.9000015258789,0.916323721408844,5.25,
69.69999694824219,0.8998628258705139,5.25,
73.0,0.9218106865882874,5.25,
65.27999877929688,0.9218106865882874,5.125,
69.5999984741211,0.8998628258705139,5.5,
69.5999984741211,0.9108367562294006,5.125,
67.5,0.9108367562294006,5.1875,
69.4000015258789,0.916323721408844,5.0625,
69.69999694824219,0.855967104434967,5.25,
68.55000305175781,0.8779149651527405,5.0,
66.0,0.8998628258705139,5.625,
66.69999694824219,0.8779149651527405,5.25,
68.0,0.8998628258705139,5.125,
68.5,0.8998628258705139,5.0,
65.4000015258789,0.8669410347938538,5.0,
65.80000305175781,0.8779149651527405,5.125,
64.44999694824219,0.9108367562294006,5.0,
64.19999694824219,0.9382715821266174,5.0,
66.0,0.932784616947174,4.875,
63.84999847412109,0.9108367562294006,4.875,
65.5,0.9108367562294006,5.0,
64.5999984741211,0.8998628258705139,5.125,
64.1500015258789,0.8888888955116272,5.375,
64.1500015258789,0.9053497910499572,4.875,
63.34999847412109,0.9547325372695924,4.875,
66.9000015258789,0.9437585473060608,4.625,
65.25,0.932784616947174,4.5,
62.25,0.8998628258705139,4.4375,
61.70000076293945,0.9108367562294006,4.375,
65.55000305175781,0.9053497910499572,4.375,
62.59999847412109,0.8998628258705139,4.375,
62.0,0.8834019303321838,4.375,
62.720001220703125,0.8943758606910706,4.375,
63.91999816894531,0.8449931144714355,4.5,
64.3499984741211,0.8449931144714355,4.125,
64.05000305175781,0.8669410347938538,4.375,
68.0,0.8120713233947754,4.3125,
67.80000305175781,0.8449931144714355,4.0,
64.6500015258789,0.855967104434967,4.0,
66.25,0.8779149651527405,4.0,
64.3499984741211,0.8504801392555237,4.0,
66.0999984741211,0.8669410347938538,4.0,
63.5,0.8779149651527405,4.0,
63.7599983215332,0.8449931144714355,4.0,
64.6500015258789,0.8340191841125488,4.0,
64.69999694824219,0.8449931144714355,4.375,
62.70000076293945,0.8120713233947754,3.875,
62.75,0.7352537512779236,3.875,
62.75,0.7681756019592285,4.375,
62.75,0.7517147064208984,4.75,
62.75,0.7681756019592285,4.125,
61.29999923706055,0.7462276816368103,3.9375,
62.04999923706055,0.7462276816368103,4.25,
63.04999923706055,0.7133058905601501,4.25,
59.84999847412109,0.6584362387657166,4.25,
60.04999923706055,0.7242798209190369,4.0,
60.04999923706055,0.7462276816368103,3.875,
62.5,0.7133058905601501,4.0,
61.70000076293945,0.68038409948349,4.0,
61.70000076293945,0.6913580298423767,3.875,
58.150001525878906,0.68038409948349,4.375,
61.5,0.68038409948349,4.0,
61.5,0.6639232039451599,3.625,
60.0,0.7023319602012634,3.625,
59.70000076293945,0.6694101691246033,3.75,
60.0,0.7023319602012634,4.0,
59.54999923706055,0.6913580298423767,3.75,
60.22999954223633,0.6694101691246033,4.125,
59.150001525878906,0.6748971343040466,4.125,
59.5,0.7462276816368103,3.75,
62.75,0.7023319602012634,3.875,
57.75,0.7133058905601501,3.5,
59.0,0.6694101691246033,3.625,
59.0,0.6584362387657166,4.125,
59.0,0.6529492735862732,5.125,
59.5,0.6584362387657166,5.375,
58.369998931884766,0.6694101691246033,5.5,
53.79999923706055,0.7023319602012634,5.3125,
51.06999969482422,0.7023319602012634,5.3125,
50.15999984741211,0.68038409948349,5.25,
48.16999816894531,0.6694101691246033,5.875,
52.5,0.6748971343040466,5.375,
54.9900016784668,0.68038409948349,5.125,
50.25,0.6913580298423767,5.5,
50.20000076293945,0.7023319602012634,5.3125,
49.0,0.7023319602012634,5.375,
48.0,0.7462276816368103,5.125,
50.18000030517578,0.7572016716003418,5.3125,
47.5,0.7572016716003418,5.125,
47.970001220703125,0.7352537512779236,5.125,
47.970001220703125,0.7352537512779236,5.25,
47.650001525878906,0.8340191841125488,5.375,
40.5,0.8340191841125488,5.375,
43.630001068115234,0.8120713233947754,5.25,
50.150001525878906,0.8010973930358887,4.875,
50.0,0.8449931144714355,4.875,
49.84999847412109,0.8340191841125488,4.875,
46.9900016784668,0.8010973930358887,5.0,
50.0,0.8340191841125488,5.0,
50.0,0.8010973930358887,5.0,
44.45000076293945,0.8010973930358887,5.0,
49.33000183105469,0.855967104434967,5.0,
48.33000183105469,0.8120713233947754,4.75,
47.0,0.790123462677002,4.375,
46.650001525878906,0.8230452537536621,4.375,
44.040000915527344,0.8230452537536621,4.375,
46.0,0.8285322189331055,4.125,
46.5,0.8779149651527405,4.125,
47.5,0.8779149651527405,4.125,
46.0,0.8779149651527405,4.75,
47.5,0.8779149651527405,4.375,
45.09999847412109,0.8669410347938538,4.375,
46.790000915527344,0.8888888955116272,4.375,
46.459999084472656,0.8669410347938538,4.875,
47.970001220703125,0.8669410347938538,4.5,
47.619998931884766,0.8340191841125488,4.625,
48.5,0.8340191841125488,4.375,
50.0,0.790123462677002,4.375,
49.959999084472656,0.790123462677002,4.75,
50.0,0.790123462677002,4.5,
48.15999984741211,0.790123462677002,5.0,
47.0,0.790123462677002,4.5,
46.02000045776367,0.790123462677002,4.5,
47.79999923706055,0.8010973930358887,5.0,
46.31999969482422,0.790123462677002,4.75,
41.27999877929688,0.790123462677002,4.625,
41.18000030517578,0.790123462677002,4.625,
39.29999923706055,0.8175582885742188,5.0,
38.9900016784668,0.8449931144714355,4.75,
31.700000762939453,0.8230452537536621,4.5,
35.0,0.8340191841125488,4.5,
37.43000030517578,0.8120713233947754,4.5,
38.040000915527344,0.8010973930358887,4.25,
39.68999862670898,0.8120713233947754,4.25,
30.030000686645508,0.8779149651527405,4.25,
31.299999237060547,0.790123462677002,4.25,
31.0,0.8010973930358887,4.125,
29.01000022888184,0.8175582885742188,4.375,
29.65999984741211,0.8175582885742188,3.75,
28.020000457763672,0.8669410347938538,4.0,
30.07999992370605,0.8779149651527405,4.375,
30.06999969482422,0.8449931144714355,4.375,
30.0,0.855967104434967,4.25,
30.520000457763672,0.8449931144714355,4.25,
30.649999618530277,0.8669410347938538,4.0,
28.86000061035156,0.8449931144714355,4.0,
25.38999938964844,0.8340191841125488,4.0,
25.700000762939453,0.8340191841125488,4.0,
25.600000381469727,0.8340191841125488,3.875,
26.850000381469727,0.855967104434967,4.375,
26.489999771118164,0.8230452537536621,3.875,
26.5,0.8449931144714355,4.0,
27.0,0.8340191841125488,3.875,
27.0,0.8120713233947754,4.0,
26.84000015258789,0.8230452537536621,3.875,
29.0,0.8340191841125488,3.875,
27.989999771118164,0.7681756019592285,3.75,
26.71999931335449,0.790123462677002,3.9375,
28.01000022888184,0.790123462677002,4.375,
30.399999618530277,0.8230452537536621,3.75,
30.0,0.8230452537536621,4.0625,
30.0,0.8120713233947754,4.125,
29.149999618530277,0.8340191841125488,3.75,
34.849998474121094,0.855967104434967,3.875,
34.439998626708984,0.8449931144714355,3.875,
34.47999954223633,0.8340191841125488,4.25,
33.97999954223633,0.8669410347938538,3.875,
33.02000045776367,0.8230452537536621,3.875,
34.09000015258789,0.8779149651527405,4.375,
35.04999923706055,0.8779149651527405,4.125,
38.9900016784668,0.8724279999732971,3.875,
39.0,0.8504801392555237,3.875,
39.31999969482422,0.8614540696144104,4.375,
36.150001525878906,0.8230452537536621,3.875,
37.16999816894531,0.8230452537536621,4.375,
38.79999923706055,0.8340191841125488,5.0,
41.84999847412109,0.7352537512779236,5.25,
40.15999984741211,0.7133058905601501,4.25,
37.77999877929688,0.7407407164573669,5.125,
36.650001525878906,0.790123462677002,4.75,
36.900001525878906,0.8340191841125488,4.6875,
35.83000183105469,0.9218106865882874,4.625,
35.0,0.8943758606910706,4.875,
34.9900016784668,0.8779149651527405,4.375,
36.5099983215332,0.8340191841125488,4.625,
35.189998626708984,0.8779149651527405,4.5,
35.0099983215332,0.8669410347938538,4.5,
36.0,0.855967104434967,4.375,
34.189998626708984,0.8779149651527405,4.5,
33.88999938964844,0.8724279999732971,4.0,
34.0,0.8724279999732971,4.5,
30.34000015258789,0.8724279999732971,4.5,
33.599998474121094,0.9108367562294006,4.5,
32.0099983215332,0.9272976517677308,4.5,
34.63999938964844,0.9218106865882874,4.5,
33.2599983215332,0.965706467628479,4.5,
30.520000457763672,0.965706467628479,4.5,
30.0,0.9986282587051392,4.0,
30.899999618530277,0.9766803979873656,4.0,
30.0,0.9437585473060608,4.5,
30.09000015258789,0.9547325372695924,4.0,
29.799999237060547,0.9876543283462524,4.0,
30.649999618530277,0.9602195024490356,4.5,
29.899999618530277,0.9437585473060608,4.0,
29.899999618530277,0.9218106865882874,4.5,
29.899999618530277,0.9547325372695924,4.5,
30.0,0.9766803979873656,4.0,
30.0,0.9766803979873656,4.5,
29.75,0.9876543283462524,4.0,
29.5,0.9986282587051392,4.0,
28.3799991607666,0.9876543283462524,4.375,
28.96999931335449,0.9986282587051392,4.0,
27.850000381469727,1.009602189064026,3.875,
29.0,0.9876543283462524,3.875,
27.190000534057617,1.009602189064026,3.875,
27.0,0.9821673631668092,3.875,
27.21999931335449,0.9602195024490356,3.875,
26.5,0.9547325372695924,3.875,
28.0,0.9931412935256958,4.0,
26.0,0.9876543283462524,3.875,
27.489999771118164,1.009602189064026,3.875,
25.1299991607666,1.0150891542434692,3.875,
23.100000381469727,1.0205761194229126,3.875,
23.030000686645508,0.9766803979873656,4.125,
22.989999771118164,1.0205761194229126,3.875,
22.26000022888184,0.9821673631668092,3.875,
21.850000381469727,1.009602189064026,3.875,
21.75,1.0534979104995728,3.75,
20.31999969482422,1.0534979104995728,4.125,
20.6200008392334,1.009602189064026,3.75,
24.38999938964844,0.9986282587051392,3.75,
20.5,1.026063084602356,4.125,
20.51000022888184,1.0534979104995728,4.25,
19.26000022888184,1.0534979104995728,3.875,
20.299999237060547,1.031550049781799,3.875,
20.540000915527344,1.026063084602356,3.875,
14.489999771118164,1.0534979104995728,3.875,
15.260000228881836,1.0150891542434692,3.875,
16.329999923706055,1.0205761194229126,3.75,
14.170000076293944,1.042523980140686,4.0,
14.850000381469728,0.9629629850387572,4.125,
13.760000228881836,0.9876543283462524,3.75,
14.5,0.9410150647163392,3.75,
14.0,0.9218106865882874,4.125,
14.270000457763672,0.9218106865882874,3.75,
14.449999809265137,0.9876543283462524,3.75,
14.0,1.0123456716537476,4.125,
14.0,1.0150891542434692,3.75,
13.81999969482422,0.9766803979873656,3.75,
13.75,0.9876543283462524,3.75,
14.5,0.965706467628479,3.875,
14.06999969482422,0.9547325372695924,4.25,
13.609999656677246,0.965706467628479,3.75,
14.0,0.932784616947174,3.75,
14.970000267028809,0.932784616947174,3.75,
14.1899995803833,0.965706467628479,3.75,
14.699999809265137,0.9876543283462524,4.25,
13.890000343322754,1.0013717412948608,3.75,
12.079999923706056,1.0205761194229126,4.25,
12.68000030517578,1.0041152238845823,3.875,
12.699999809265137,1.031550049781799,3.75,
12.0600004196167,0.9986282587051392,3.75,
12.5,1.031550049781799,4.0,
13.81999969482422,1.009602189064026,3.875,
12.15999984741211,1.031550049781799,3.75,
11.949999809265137,1.108367681503296,4.25,
12.0,1.1632373332977295,3.9375,
11.869999885559082,1.141289472579956,4.0625,
11.84000015258789,1.185185194015503,3.75,
12.130000114440918,1.1742112636566162,4.25,
12.0,1.1522634029388428,4.375,
11.6899995803833,1.1742112636566162,4.0,
11.619999885559082,1.36076819896698,4.3125,
12.420000076293944,1.3552812337875366,4.5,
11.0,1.29492449760437,4.0,
11.0,1.1879286766052246,3.9375,
10.5600004196167,1.1961591243743896,4.25,
10.550000190734863,1.1961591243743896,3.75,
10.470000267028809,1.272976636886597,3.75,
9.989999771118164,1.1961591243743896,3.75,
10.039999961853027,1.1522634029388428,3.75,
8.619999885559082,1.1742112636566162,3.75,
10.279999732971191,1.1742112636566162,3.75,
10.699999809265137,1.2071330547332764,3.75,
10.800000190734863,1.218106985092163,3.625,
11.109999656677246,1.2126200199127195,3.625,
10.779999732971191,1.2290809154510498,3.625,
11.100000381469728,1.218106985092163,3.625,
10.84000015258789,1.2235939502716064,3.75,
10.229999542236328,1.1961591243743896,4.125,
9.0,1.218106985092163,3.875,
9.15999984741211,1.0644718408584597,4.0,
8.40999984741211,1.1550068855285645,3.75,
8.890000343322754,1.1632373332977295,3.875,
10.0,1.141289472579956,4.0,
8.65999984741211,1.141289472579956,3.5,
9.960000038146973,1.1193416118621826,4.0,
9.960000038146973,1.1193416118621826,3.625,
10.1899995803833,1.108367681503296,3.5,
10.510000228881836,1.086419701576233,3.5,
10.550000190734863,1.0754457712173462,4.125,
10.75,1.037037014961243,3.5,
9.100000381469728,1.0205761194229126,3.5,
10.0,1.031550049781799,3.375,
10.699999809265137,1.0205761194229126,3.75,
10.15999984741211,1.042523980140686,3.5,
9.720000267028809,1.0534979104995728,3.5,
9.960000038146973,1.037037014961243,3.8125,
10.399999618530272,1.0534979104995728,3.5,
10.020000457763672,1.1303155422210691,3.625,
10.020000457763672,1.094650149345398,3.625,
10.550000190734863,1.1303155422210691,4.0,
10.229999542236328,1.086419701576233,3.5,
10.5,1.1028807163238523,3.5,
10.800000190734863,1.1028807163238523,3.5,
10.579999923706056,1.1440329551696775,3.5,
10.800000190734863,1.1467764377593994,4.125,
10.989999771118164,1.1714677810668943,3.875,
10.489999771118164,1.2400548458099363,3.875,
10.380000114440918,1.2482852935791016,3.5,
11.300000190734863,1.1961591243743896,3.5,
10.550000190734863,1.1961591243743896,3.875,
9.6899995803833,1.1742112636566162,3.5,
9.899999618530272,1.201646089553833,3.5,
10.170000076293944,1.1906721591949463,3.5,
10.68000030517578,1.1961591243743896,3.5,
10.510000228881836,1.2290809154510498,3.6875,
10.550000190734863,1.2071330547332764,3.75,
11.699999809265137,1.1961591243743896,3.75,
12.600000381469728,1.1632373332977295,3.75,
12.9399995803833,1.1659808158874512,3.5,
12.539999961853027,1.1193416118621826,3.75,
12.289999961853027,1.1193416118621826,3.125,
12.81999969482422,1.1193416118621826,3.5,
13.1899995803833,1.1193416118621826,3.3125,
14.199999809265137,1.1467764377593994,3.0,
16.170000076293945,1.141289472579956,3.0,
15.449999809265137,1.1467764377593994,3.0,
14.510000228881836,1.1604938507080078,3.0,
16.100000381469727,1.1961591243743896,3.3125,
15.119999885559082,1.1961591243743896,3.0,
15.829999923706056,1.185185194015503,3.125,
15.0,1.1632373332977295,3.125,
13.550000190734863,1.141289472579956,3.0,
13.4399995803833,1.141289472579956,3.5,
13.550000190734863,1.1632373332977295,3.125,
13.210000038146973,1.1522634029388428,3.125,
12.859999656677246,1.1522634029388428,3.3125,
12.850000381469728,1.1550068855285645,3.125,
12.65999984741211,1.1550068855285645,3.625,
12.5,1.1742112636566162,3.25,
12.5,1.1906721591949463,3.625,
12.239999771118164,1.1796982288360596,3.1875,
11.210000038146973,1.1961591243743896,3.0,
11.550000190734863,1.185185194015503,3.625,
12.0,1.1632373332977295,3.625,
11.729999542236328,1.133059024810791,2.875,
12.020000457763672,1.0973936319351196,3.0,
12.75,1.124828577041626,3.5,
12.479999542236328,1.141289472579956,3.3125,
12.670000076293944,1.124828577041626,3.125,
12.739999771118164,1.1522634029388428,3.125,
13.010000228881836,1.141289472579956,3.625,
13.600000381469728,1.1193416118621826,3.25,
13.670000076293944,1.141289472579956,3.625,
14.899999618530272,1.0699588060379028,3.25,
13.0,1.0973936319351196,3.25,
13.25,1.0973936319351196,3.25,
13.199999809265137,1.1028807163238523,3.25,
12.550000190734863,1.0754457712173462,3.25,
14.0,1.1138546466827393,3.25,
13.84000015258789,1.1138546466827393,3.25,
14.039999961853027,1.108367681503296,3.625,
14.029999732971191,1.0973936319351196,3.625,
14.09000015258789,1.086419701576233,3.375,
14.25,1.086419701576233,3.875,
13.800000190734863,1.1303155422210691,3.25,
13.970000267028809,1.141289472579956,3.25,
13.5,1.1193416118621826,3.25,
13.600000381469728,1.1275720596313477,3.25,
13.06999969482422,1.1303155422210691,3.5625,
12.5,1.141289472579956,3.75,
13.1899995803833,1.185185194015503,3.375,
13.1899995803833,1.2235939502716064,3.375,
13.5,1.2400548458099363,3.375,
11.220000267028809,1.209876537322998,3.375,
12.3100004196167,1.218106985092163,3.375,
14.479999542236328,1.2235939502716064,3.875,
13.59000015258789,1.267489671707153,3.875,
13.75,1.2126200199127195,3.875,
13.529999732971191,1.2510287761688232,3.875,
12.899999618530272,1.29492449760437,3.875,
12.989999771118164,1.2839505672454834,3.375,
13.0,1.26200270652771,3.375,
13.390000343322754,1.2839505672454834,3.25,
13.5,1.2400548458099363,3.25,
13.050000190734863,1.2071330547332764,3.0,
13.449999809265137,1.2071330547332764,3.125,
12.880000114440918,1.2235939502716064,3.25,
13.850000381469728,1.2071330547332764,3.25,
13.470000267028809,1.2290809154510498,3.25,
13.25,1.2482852935791016,3.25,
12.869999885559082,1.26200270652771,3.25,
13.300000190734863,1.267489671707153,3.25,
13.34000015258789,1.26200270652771,3.375,
13.220000267028809,1.2757201194763184,3.375,
12.65999984741211,1.2565157413482666,4.0,
13.510000228881836,1.267489671707153,3.375,
13.149999618530272,1.26200270652771,3.375,
12.970000267028809,1.272976636886597,3.375,
12.970000267028809,1.437585711479187,3.375,
13.0,1.4046639204025269,3.25,
13.0,1.36076819896698,3.25,
12.989999771118164,1.3964334726333618,3.25,
12.84000015258789,1.4266117811203003,3.75,
13.079999923706056,1.4485596418380735,3.25,
13.09000015258789,1.4046639204025269,3.25,
13.649999618530272,1.4595335721969604,3.25,
15.5,1.6241426467895508,3.25,
20.43000030517578,1.613168716430664,3.25,
21.5,1.6021947860717771,3.25,
19.940000534057617,1.5912208557128906,3.25,
28.21999931335449,1.5308642387390137,3.25,
30.8799991607666,1.5582990646362305,3.25,
25.0,1.580246925354004,3.75,
22.299999237060547,1.5692729949951172,3.25,
20.799999237060547,1.580246925354004,3.25,
20.270000457763672,1.5418381690979004,3.3125,
20.5,1.552812099456787,3.75,
21.399999618530277,1.5692729949951172,3.5,
22.0,1.536351203918457,3.25,
21.290000915527344,1.4924553632736206,3.25,
22.049999237060547,1.437585711479187,3.25,
19.940000534057617,1.4266117811203003,3.5,
17.959999084472656,1.4595335721969604,2.875,
16.709999084472656,1.4567900896072388,2.875,
13.890000343322754,1.5034294128417969,3.125,
13.270000457763672,1.536351203918457,3.5,
14.399999618530272,1.580246925354004,3.0,
10.84000015258789,1.613168716430664,3.0,
11.710000038146973,1.580246925354004,3.5,
11.0,1.6021947860717771,2.875,
10.720000267028809,1.5418381690979004,2.875,
11.029999732971191,1.580246925354004,3.375,
16.0,1.580246925354004,2.875,
13.760000228881836,1.5692729949951172,3.25,
13.270000457763672,1.580246925354004,3.0,
12.100000381469728,1.536351203918457,3.125,
14.300000190734863,1.5308642387390137,3.25,
